,Child utterance,Child gaze,Child affect,Child gesture,Child affective touch,Parent utterance,Verbal scaffolding,Non-verbal scaffolding,Parent gaze,Parent affect,Parent gesture,Parent affective touch,Child prop manipulation,Parent prop manipulation,robot pointing,robot text,Conversational turns,Joint attention,Mutual gaze,time
0,1,0,1,0,0,0,0,0,1,1,1,0,0,0,0,0,1,0,0,13.68
1,0,0,1,0,0,0,0,0,1,1,0,0,0,0,0,1,1,0,0,14.18
2,0,0,1,0,0,0,0,0,1,1,0,0,0,0,0,1,1,0,0,14.68
3,0,0,1,0,0,0,0,0,1,1,0,0,0,0,0,1,1,0,0,15.18
4,0,0,1,0,0,1,0,0,1,1,0,0,0,0,0,1,1,0,0,15.68
5,0,0,1,0,0,1,0,0,1,1,0,0,0,0,0,1,1,0,0,16.18
6,0,0,1,0,0,1,0,0,1,1,0,0,0,0,0,0,1,0,0,16.68
7,0,0,1,0,0,0,0,0,1,1,0,0,0,0,0,1,1,0,0,17.18
8,0,0,1,0,0,0,0,0,1,1,0,0,0,0,0,1,1,0,0,17.68
9,1,0,1,0,0,0,0,0,1,0,0,0,0,0,0,1,1,0,0,18.18
10,1,0,1,0,0,0,0,0,1,0,0,0,0,0,0,0,1,0,0,18.68
11,0,0,1,0,0,1,0,0,1,0,0,0,0,0,0,0,1,0,0,19.18
12,0,0,1,0,0,1,0,0,1,0,0,0,0,0,0,0,1,0,0,19.68
13,0,0,1,0,0,1,0,0,1,1,0,0,0,0,0,0,1,0,0,20.18
14,0,0,1,0,0,1,0,0,1,1,0,0,0,0,0,0,1,0,0,20.68
15,0,0,0,0,0,1,0,0,1,1,0,1,0,0,0,0,1,0,0,21.18
16,0,0,0,1,0,0,0,0,1,1,0,1,0,0,0,0,0,0,0,21.68
17,0,0,0,1,0,1,0,0,1,1,0,1,0,0,0,0,0,0,0,22.18
18,0,0,0,1,0,1,0,0,1,1,0,1,0,0,0,1,0,0,0,22.68
19,0,0,0,0,0,1,0,0,1,1,0,0,0,0,0,1,0,0,0,23.18
20,0,0,0,0,0,0,0,0,1,1,0,0,0,0,0,1,0,0,0,23.68
21,0,0,0,0,0,0,0,0,1,1,0,0,0,0,0,1,0,0,0,24.18
22,0,0,0,0,0,0,0,0,1,1,0,0,0,0,0,1,0,0,0,24.68
23,0,0,0,0,0,0,0,0,1,1,0,0,0,0,0,1,0,0,0,25.18
24,0,0,1,0,0,0,0,0,1,1,0,0,0,0,0,1,0,0,0,25.68
25,0,0,1,0,0,0,0,0,1,1,0,0,0,0,0,1,0,0,0,26.18
26,0,0,1,0,1,1,0,0,1,1,0,0,0,0,0,1,1,0,0,26.68
27,0,1,1,0,1,1,0,0,1,1,0,0,0,0,0,1,1,0,0,27.18
28,0,1,1,0,1,1,0,0,1,1,0,0,0,0,0,1,1,0,0,27.68
29,0,1,1,0,1,1,0,0,1,1,0,0,0,0,0,1,1,1,0,28.18
30,0,1,1,0,0,1,0,0,1,1,0,0,0,0,0,1,1,1,0,28.68
31,0,1,1,0,0,1,0,0,1,1,0,0,0,0,0,1,1,1,0,29.18
32,0,1,1,0,0,1,0,0,1,1,0,0,0,0,0,1,1,1,0,29.68
33,0,1,1,0,0,1,0,0,1,1,0,0,0,0,0,1,1,1,0,30.18
34,0,1,1,0,0,1,0,0,1,1,0,0,0,0,0,1,1,1,0,30.68
35,1,1,0,0,0,0,0,0,1,1,0,0,0,0,0,1,1,1,0,31.18
36,1,1,0,0,0,0,0,0,1,1,0,0,0,0,0,1,1,0,0,31.68
37,0,1,0,0,0,1,0,0,1,1,0,0,0,0,0,1,0,0,0,32.18
38,0,1,0,0,0,1,0,0,1,1,0,0,0,0,0,1,0,1,0,32.68
39,0,1,0,0,0,0,0,0,1,1,0,0,0,0,0,1,0,1,0,33.18
40,0,1,0,0,0,0,0,0,1,1,0,0,0,0,0,1,0,1,0,33.68
41,0,1,0,0,0,0,0,0,1,1,0,0,0,0,0,1,0,1,0,34.18
42,0,1,0,0,0,0,0,0,1,1,0,0,0,0,0,1,0,1,0,34.68
43,0,1,0,0,0,0,0,0,1,1,0,0,0,0,0,1,0,1,0,35.18
44,0,1,0,0,0,0,0,0,1,1,0,0,0,0,0,1,0,1,0,35.68
45,0,1,0,0,0,0,0,0,1,1,0,0,0,0,0,1,0,1,0,36.18
46,0,1,0,0,0,0,0,0,1,1,0,0,0,0,0,1,0,1,0,36.68
47,0,1,0,0,0,0,0,0,1,1,0,0,0,0,0,1,0,1,0,37.18
48,0,1,0,0,0,0,0,0,1,1,0,0,0,0,0,1,0,1,0,37.68
49,0,1,0,0,0,0,0,0,1,1,0,0,0,0,1,1,0,1,0,38.18
50,0,1,0,0,0,0,0,0,1,1,0,0,0,0,1,1,0,1,0,38.68
51,0,1,0,0,0,0,0,0,1,1,0,0,0,0,1,1,0,1,0,39.18
52,0,1,0,0,0,0,0,0,1,1,0,0,0,0,1,1,0,1,0,39.68
53,0,1,0,0,0,0,0,0,1,1,0,0,0,0,1,1,0,1,0,40.18
54,0,1,0,0,0,0,0,0,1,1,0,0,0,0,1,1,0,1,0,40.68
55,0,1,0,0,0,0,0,0,1,1,0,0,0,0,0,1,0,0,0,41.18
56,1,1,0,0,0,0,0,0,1,1,0,0,0,0,0,1,1,1,0,41.68
57,1,1,0,0,0,0,0,0,1,1,0,0,0,0,0,1,1,1,1,42.18
58,1,1,0,0,0,0,0,0,1,1,0,0,0,0,0,1,1,0,1,42.68
59,1,1,0,0,0,0,0,0,1,1,0,0,0,0,0,1,1,0,0,43.18
60,0,1,0,0,0,1,0,0,1,1,0,0,0,0,0,1,1,1,0,43.68
61,0,1,0,0,0,1,0,0,1,1,0,0,0,0,0,1,1,1,0,44.18
62,0,1,0,0,0,1,0,0,1,1,0,0,0,0,0,1,1,1,0,44.68
63,0,1,0,0,0,0,0,0,1,1,0,0,0,0,0,1,1,1,0,45.18
64,0,1,0,0,0,0,0,0,1,1,0,0,0,0,0,1,1,1,0,45.68
65,0,1,0,0,0,0,0,0,1,1,0,0,0,0,0,1,1,1,0,46.18
66,0,1,0,0,0,0,0,0,1,1,0,0,0,0,0,1,1,1,0,46.68
67,0,1,1,0,0,0,0,0,1,1,0,0,0,0,1,1,1,1,0,47.18
68,0,1,1,0,0,0,0,0,1,1,0,0,0,0,1,1,1,1,0,47.68
69,1,1,1,0,0,0,0,0,1,1,0,0,0,0,1,1,1,1,0,48.18
70,1,1,1,0,0,0,0,0,1,1,0,0,0,0,1,1,1,1,0,48.68
71,0,1,1,0,0,0,0,0,1,1,0,0,0,0,1,1,0,1,0,49.18
72,0,1,1,0,0,0,0,0,1,0,0,0,0,0,1,1,0,1,0,49.68
73,0,1,1,0,0,0,0,0,1,0,0,0,0,0,0,1,0,1,0,50.18
74,0,1,1,0,0,0,0,0,1,0,0,0,0,0,0,1,0,1,0,50.68
75,0,1,1,0,0,0,0,0,1,0,0,0,0,0,0,1,0,1,0,51.18
76,0,1,0,0,0,0,0,0,1,0,0,0,0,0,0,1,0,1,0,51.68
77,0,1,0,0,0,0,0,0,1,0,0,0,0,0,0,1,0,1,0,52.18
78,0,1,0,0,0,0,0,0,1,0,0,0,0,0,0,1,0,1,0,52.68
79,0,1,0,0,0,0,0,0,1,0,0,0,0,0,0,1,0,1,0,53.18
80,0,1,0,0,0,0,0,0,1,0,0,0,0,0,0,1,0,1,0,53.68
81,0,1,0,0,0,0,0,0,1,0,0,0,0,0,0,1,0,1,0,54.18
82,0,1,0,0,0,0,0,0,1,0,0,0,0,0,0,1,0,1,0,54.68
83,0,1,0,0,0,0,0,0,1,0,0,0,0,0,0,1,0,1,0,55.18
84,0,1,0,0,0,0,0,0,1,0,0,0,0,0,0,1,0,0,0,55.68
85,0,1,0,0,0,0,0,0,1,0,0,0,0,0,0,1,0,0,0,56.18
86,0,1,0,0,0,0,0,0,1,0,0,0,0,0,0,1,0,1,0,56.68
87,0,1,0,0,0,0,0,0,1,0,0,0,0,0,0,1,0,1,0,57.18
88,0,1,0,0,0,0,0,0,1,0,0,0,0,0,0,1,0,1,0,57.68
89,0,1,0,0,0,0,0,0,1,0,0,0,0,0,0,1,0,1,0,58.18
90,0,1,0,0,0,0,0,0,1,0,0,0,0,0,1,1,0,1,0,58.68
91,0,1,0,0,0,0,0,0,1,0,0,0,0,0,1,1,0,0,1,59.18
92,0,1,0,0,0,0,0,0,1,0,0,0,0,0,1,1,0,0,1,59.68
93,0,1,1,0,0,0,0,0,1,0,0,0,0,0,1,1,0,0,1,60.18
94,0,1,1,0,0,1,0,0,1,0,0,0,0,0,1,1,0,0,0,60.68
95,0,1,1,0,0,1,0,0,0,0,0,0,0,0,1,1,0,0,0,61.18
96,0,1,1,0,0,1,0,0,0,0,0,0,0,0,0,1,0,0,0,61.68
97,0,0,0,0,0,0,0,0,0,0,0,0,0,0,0,1,0,0,0,62.18
98,0,0,0,0,0,0,0,0,1,0,0,0,0,0,0,1,0,0,0,62.68
99,0,0,0,0,0,1,1,0,1,0,0,0,0,0,0,1,0,0,0,63.18
100,0,0,0,0,0,1,1,0,1,0,0,0,0,0,0,1,0,0,0,63.68
101,0,1,0,0,0,1,1,0,1,0,0,0,0,0,0,1,0,1,0,64.18
102,0,1,1,0,0,1,1,0,1,1,0,0,0,0,0,1,0,0,0,64.68
103,0,1,1,0,0,1,1,1,1,1,1,0,0,0,0,1,0,0,0,65.18
104,0,1,1,0,0,1,1,1,1,1,1,0,0,0,0,1,0,1,0,65.68
105,0,1,0,0,0,1,1,0,1,1,0,0,0,0,0,1,0,0,0,66.18
106,0,1,0,0,0,1,1,0,1,1,0,0,0,0,0,1,0,0,0,66.68
107,0,1,0,0,0,1,1,0,1,1,0,0,0,0,0,1,0,0,0,67.18
108,0,1,0,0,0,1,1,0,1,1,0,0,0,0,0,1,0,0,0,67.68
109,0,1,0,0,0,1,1,0,1,1,0,0,0,0,1,1,0,0,0,68.18
110,0,1,0,1,0,1,1,0,1,1,0,0,0,0,1,1,0,1,0,68.68
111,0,1,0,1,0,1,1,0,1,1,0,0,0,0,1,1,0,1,0,69.18
112,0,1,0,0,0,1,1,0,1,1,0,0,0,0,1,1,0,1,0,69.68
113,0,1,0,0,0,1,1,0,1,1,0,0,1,0,1,1,0,0,0,70.18
114,0,1,1,0,0,1,1,0,1,1,0,0,1,0,1,1,0,1,0,70.68
115,0,1,1,0,0,1,1,0,1,1,0,0,1,0,0,1,0,1,0,71.18
116,0,1,1,0,0,1,0,0,1,1,0,0,1,0,0,1,0,1,0,71.68
117,0,1,1,0,0,1,0,0,1,1,0,0,1,0,0,1,0,0,0,72.18
118,0,1,1,0,0,1,0,1,1,1,1,0,1,0,0,1,0,0,0,72.68
119,0,1,1,0,0,1,1,1,1,1,1,0,1,0,0,1,1,0,0,73.18
120,0,1,1,0,0,1,1,0,1,1,0,0,1,0,0,1,1,0,0,73.68
121,0,1,1,0,0,1,1,0,1,1,0,0,1,0,0,1,1,0,0,74.18
122,0,1,1,0,0,1,1,0,1,1,0,0,1,1,0,1,1,0,0,74.68
123,0,1,1,0,0,1,1,0,1,1,0,0,1,1,0,1,1,1,0,75.18
124,0,1,1,0,0,1,1,0,1,1,0,0,0,1,0,1,1,1,0,75.68
125,0,1,1,0,0,1,1,0,1,1,0,0,0,1,0,1,1,1,0,76.18
126,0,1,1,0,0,1,1,0,1,1,0,0,0,0,0,1,1,0,0,76.68
127,0,1,0,0,0,1,1,0,1,1,0,0,0,0,0,1,1,1,0,77.18
128,0,1,0,0,0,1,1,0,1,1,0,0,1,0,0,1,1,1,0,77.68
129,0,1,0,0,0,1,1,0,1,1,0,0,1,0,0,1,1,1,0,78.18
130,0,1,0,0,0,1,1,0,1,1,0,0,1,0,0,1,1,0,0,78.68
131,0,1,0,0,0,1,1,0,1,1,0,0,1,0,0,1,1,0,0,79.18
132,0,1,0,0,0,1,1,0,1,1,0,0,1,0,0,1,1,0,0,79.68
133,0,1,0,0,0,1,1,0,1,1,0,0,1,0,0,1,1,0,0,80.18
134,0,1,0,0,0,1,1,0,1,1,0,0,0,0,0,1,1,0,0,80.68
135,0,1,0,0,0,1,1,0,1,1,0,0,0,0,0,1,1,1,0,81.18
136,1,1,0,0,0,0,0,0,1,1,0,0,0,0,0,1,1,1,0,81.68
137,1,1,0,0,0,0,0,0,1,1,0,0,0,0,0,1,1,0,0,82.18
138,1,1,0,0,0,1,0,1,1,1,1,0,0,0,0,1,1,1,0,82.68
139,0,1,0,0,0,1,0,1,1,1,1,0,0,0,0,1,1,0,0,83.18
140,0,1,0,0,0,1,0,1,1,1,1,0,1,0,0,1,1,1,0,83.68
141,0,1,0,0,0,1,0,1,1,1,1,0,1,0,0,1,1,0,0,84.18
142,0,1,0,0,0,1,0,0,1,1,0,0,1,0,0,1,1,0,0,84.68
143,0,1,0,0,0,1,0,0,1,1,0,0,1,0,0,1,1,1,0,85.18
144,0,1,1,0,0,1,0,0,1,1,0,0,1,0,0,1,1,0,0,85.68
145,0,1,1,0,0,1,0,0,1,1,0,0,1,0,0,1,1,1,0,86.18
146,0,1,1,0,0,1,0,0,1,1,0,0,1,0,0,1,1,1,0,86.68
147,0,1,1,0,0,0,0,0,1,1,0,0,1,0,0,1,1,1,0,87.18
148,0,1,1,0,0,0,0,0,1,1,0,0,1,0,0,1,1,1,0,87.68
149,0,1,1,0,0,0,0,0,1,1,0,0,1,0,0,1,1,1,0,88.18
150,0,1,1,0,0,0,0,0,0,0,0,0,1,0,0,1,1,0,0,88.68
151,0,1,0,0,0,0,0,0,0,0,0,0,1,0,0,1,1,0,0,89.18
152,0,1,0,0,0,0,0,0,0,0,0,0,1,0,0,1,1,0,0,89.68
153,0,1,0,0,0,0,0,0,0,0,0,0,1,0,0,0,1,0,0,90.18
154,0,1,0,0,0,0,0,0,0,0,0,0,0,0,0,0,1,0,0,90.68
155,0,1,0,0,0,0,0,0,0,0,0,0,0,0,0,0,1,0,0,91.18
156,0,1,0,0,0,1,0,0,0,0,0,0,0,0,0,0,1,0,0,91.68
157,0,1,0,0,0,1,0,0,1,1,0,0,0,0,0,0,1,0,0,92.18
158,0,1,0,0,0,1,0,0,1,1,0,0,0,0,0,0,1,0,0,92.68
159,0,1,0,0,0,0,0,0,1,1,0,0,0,0,0,0,1,1,0,93.18
160,1,1,0,0,0,0,0,0,1,1,0,0,0,0,0,0,1,1,0,93.68
161,1,1,1,0,0,0,0,0,1,1,0,0,0,0,0,0,1,1,0,94.18
162,0,1,1,0,0,0,0,0,1,1,0,0,0,0,0,0,0,1,0,94.68
163,0,1,0,0,0,0,0,0,1,1,0,0,0,0,0,0,0,1,0,95.18
164,0,1,0,0,0,0,0,0,1,1,0,0,0,0,0,1,0,1,0,95.68
165,0,1,0,0,0,0,0,0,1,1,0,0,0,0,0,1,0,1,0,96.18
166,0,1,0,0,0,0,0,0,1,1,0,0,0,0,0,1,0,1,0,96.68
167,0,1,0,0,0,0,0,0,1,1,0,0,0,0,0,0,0,1,0,97.18
168,0,1,0,0,0,0,0,0,1,1,0,0,0,0,0,0,0,1,0,97.68
169,0,1,0,0,0,0,0,0,1,1,0,0,0,0,1,1,0,1,0,98.18
170,0,1,0,0,0,0,0,0,1,1,0,0,0,0,1,1,0,1,0,98.68
171,0,1,0,0,0,0,0,0,1,1,0,0,0,0,1,1,0,1,0,99.18
172,0,1,0,0,0,0,0,0,1,1,0,0,0,0,1,1,0,1,0,99.68
173,1,1,1,0,0,0,0,0,1,1,0,0,0,0,1,1,1,1,0,100.18
174,1,1,1,0,0,0,0,0,1,1,0,0,0,0,0,1,1,1,0,100.68
175,1,1,1,0,0,0,0,0,1,1,0,0,0,0,0,1,1,1,0,101.18
176,1,1,1,0,0,0,0,0,1,1,0,0,0,0,0,1,1,1,0,101.68
177,0,1,1,0,0,0,0,0,1,1,0,0,0,0,0,1,1,1,0,102.18
178,0,1,0,0,0,0,0,0,1,1,0,0,0,0,0,1,1,1,0,102.68
179,0,1,0,0,0,0,0,0,1,1,0,0,0,0,0,1,1,1,0,103.18
180,0,1,0,0,0,0,0,0,1,1,0,0,0,0,0,0,1,0,0,103.68
181,0,1,0,0,0,0,0,0,1,1,0,0,0,0,0,0,1,0,0,104.18
182,0,1,0,0,0,0,0,0,1,1,0,0,1,0,0,0,1,0,0,104.68
183,0,1,0,0,0,1,0,0,1,1,0,0,1,0,0,0,1,0,0,105.18
184,0,1,0,0,0,1,0,0,0,0,0,0,1,0,0,0,1,0,0,105.68
185,0,1,0,0,0,1,0,0,0,0,0,0,1,0,0,0,1,0,0,106.18
186,0,1,0,0,0,1,0,0,0,0,0,0,1,0,0,0,1,0,0,106.68
187,0,1,0,0,0,0,0,0,0,0,0,0,1,0,0,0,1,0,0,107.18
188,0,1,0,0,0,0,0,0,1,0,0,0,1,0,0,0,1,1,0,107.68
189,0,1,0,0,0,1,1,0,1,0,0,0,1,0,0,0,1,1,0,108.18
190,0,1,0,0,0,1,1,0,1,0,0,0,1,0,0,1,1,1,0,108.68
191,0,1,0,0,0,1,1,0,1,0,0,0,1,0,0,1,1,1,0,109.18
192,0,1,0,0,0,1,1,0,1,0,0,0,1,0,0,1,1,1,0,109.68
193,0,1,0,0,0,1,1,0,1,0,0,0,1,0,0,1,1,0,0,110.18
194,0,1,0,0,0,1,1,0,1,0,0,0,1,0,0,1,1,1,0,110.68
195,0,1,0,0,0,1,1,1,1,0,1,0,1,0,0,1,1,1,0,111.18
196,0,1,0,0,0,1,1,1,1,0,1,0,1,0,0,0,1,1,0,111.68
197,0,1,0,0,0,1,1,1,1,0,1,0,1,0,0,1,1,1,0,112.18
198,0,1,0,0,0,0,0,0,1,0,0,0,1,0,0,1,1,0,0,112.68
199,1,1,0,0,0,0,0,0,1,0,0,0,1,0,0,1,1,1,0,113.18
200,1,1,0,0,0,0,0,0,1,0,0,0,1,0,0,1,1,1,0,113.68
201,1,1,0,0,0,0,0,0,1,0,0,0,1,0,0,0,1,1,0,114.18
202,1,1,0,0,0,0,0,0,1,0,0,0,1,0,0,1,1,1,0,114.68
203,0,1,0,0,0,0,0,0,1,0,0,0,1,0,0,1,1,1,0,115.18
204,0,1,0,0,0,0,0,0,1,0,0,0,1,0,0,1,1,1,0,115.68
205,0,1,1,0,0,0,0,0,1,0,0,0,1,0,0,1,1,1,0,116.18
206,0,1,1,0,0,0,0,0,1,0,0,0,1,0,0,1,1,1,0,116.68
207,0,1,1,0,0,1,1,0,1,0,0,0,1,0,0,0,1,1,0,117.18
208,0,1,1,0,0,1,1,0,1,0,1,0,1,0,0,0,1,1,0,117.68
209,0,1,1,0,0,1,1,0,1,1,1,0,1,0,0,0,1,1,0,118.18
210,0,1,1,0,0,1,1,0,1,1,1,0,1,0,0,0,1,1,0,118.68
211,0,1,1,0,0,1,1,0,1,1,0,0,0,0,0,0,1,1,0,119.18
212,0,1,0,0,0,1,1,0,1,0,0,0,0,0,0,1,1,1,0,119.68
213,0,1,0,0,0,1,1,0,1,0,0,0,0,0,0,1,1,1,0,120.18
214,0,1,0,0,0,1,1,0,0,0,0,0,0,0,0,1,1,0,0,120.68
215,0,1,0,0,0,1,1,0,0,0,0,0,0,0,0,1,1,0,0,121.18
216,0,1,0,0,0,1,1,0,0,0,0,0,0,0,0,1,1,0,0,121.68
217,0,1,0,0,0,1,1,0,0,0,0,0,0,0,0,1,1,0,0,122.18
218,0,1,0,0,0,1,1,0,0,0,0,0,0,0,0,1,1,0,0,122.68
219,0,1,0,0,0,1,1,0,0,0,0,0,0,0,0,1,1,0,0,123.18
220,0,1,0,0,0,1,1,1,1,0,1,0,0,0,0,0,1,1,0,123.68
221,0,1,0,0,0,1,1,1,1,0,1,0,0,0,0,1,1,1,0,124.18
222,0,1,0,0,0,1,1,1,1,0,1,0,0,0,0,1,1,1,0,124.68
223,0,1,0,0,0,1,1,0,1,0,0,0,0,0,0,1,1,0,0,125.18
224,0,1,0,0,0,1,1,0,1,1,0,0,1,0,0,1,1,1,0,125.68
225,0,1,0,0,0,0,0,0,1,1,0,0,1,0,0,1,0,1,0,126.18
226,0,1,0,0,0,0,0,0,1,1,0,0,1,0,0,1,0,1,0,126.68
227,0,1,0,0,0,1,1,0,1,1,0,0,1,0,0,0,0,0,0,127.18
228,0,1,1,0,0,1,1,0,1,1,0,0,1,0,0,0,0,1,0,127.68
229,0,1,1,0,0,0,0,0,1,1,0,0,1,0,0,0,0,1,0,128.18
230,0,1,1,0,0,0,0,0,1,1,0,0,1,0,0,0,0,1,0,128.68
231,0,1,1,0,0,0,0,0,1,1,0,0,1,0,0,0,0,1,0,129.18
232,0,1,1,0,0,0,0,0,1,1,0,0,0,0,0,1,0,1,0,129.68
233,0,1,1,0,0,0,0,0,1,1,0,0,1,0,0,1,0,1,0,130.18
234,0,1,0,0,0,0,0,0,1,1,0,0,1,0,0,1,0,0,0,130.68
235,0,1,0,0,0,1,1,0,1,1,0,0,1,0,0,1,0,0,0,131.18
236,0,1,0,0,0,1,1,0,1,1,0,0,1,0,0,1,0,0,0,131.68
237,0,1,0,0,0,1,1,0,1,1,0,0,0,0,0,0,0,0,0,132.18
238,0,1,0,0,0,1,1,0,1,1,0,0,0,0,0,0,0,0,0,132.68
239,0,1,0,0,0,1,1,0,1,1,0,0,0,0,1,1,0,1,0,133.18
240,0,1,0,0,0,0,0,0,1,1,0,0,0,0,1,1,0,1,0,133.68
241,0,1,0,0,0,0,0,0,1,1,0,0,0,0,1,1,0,0,0,134.18
242,0,1,0,0,0,0,0,0,1,1,0,0,0,0,1,1,0,1,0,134.68
243,0,1,0,0,0,0,0,0,1,1,0,0,0,0,1,1,0,1,0,135.18
244,0,1,0,0,0,1,1,1,1,1,1,0,0,0,1,1,0,1,0,135.68
245,0,1,0,0,0,1,1,1,1,1,1,0,0,0,0,1,0,1,0,136.18
246,0,1,0,0,0,1,1,1,1,0,1,0,0,0,0,1,0,1,0,136.68
247,0,1,0,0,0,0,0,1,1,0,1,0,0,0,0,1,0,1,0,137.18
248,0,1,0,0,0,0,0,0,1,1,0,0,1,0,0,1,0,0,0,137.68
249,0,1,0,0,0,1,0,0,1,1,0,0,1,0,0,0,0,1,0,138.18
250,0,1,0,0,0,1,0,0,1,1,0,0,1,0,0,0,0,1,0,138.68
251,0,1,0,0,0,1,0,0,1,1,0,0,1,0,0,0,0,1,0,139.18
252,0,1,0,0,0,1,0,0,1,1,0,0,1,0,0,0,0,0,0,139.68
253,0,1,0,0,0,1,0,0,1,1,0,0,1,0,0,1,0,1,0,140.18
254,0,1,0,0,0,0,0,0,1,1,0,0,1,0,0,1,0,1,0,140.68
255,0,1,0,0,0,0,0,0,1,1,0,0,1,0,0,1,0,1,0,141.18
256,0,1,0,0,0,0,0,0,1,1,0,0,1,0,0,1,0,0,0,141.68
257,0,1,1,0,0,1,1,0,1,1,0,0,1,0,0,1,0,1,0,142.18
258,0,1,1,0,0,1,1,0,1,1,0,0,1,0,0,1,0,1,0,142.68
259,0,1,1,0,0,1,1,0,1,1,0,0,0,0,0,0,0,0,0,143.18
260,0,1,1,0,0,1,1,0,1,1,0,0,0,0,0,0,0,1,0,143.68
261,0,1,0,0,0,1,1,0,1,1,0,0,0,0,1,1,0,1,0,144.18
262,0,1,0,0,0,0,0,0,1,1,0,0,0,0,1,1,0,1,0,144.68
263,0,1,0,0,0,0,0,0,1,1,0,0,0,0,1,1,0,1,0,145.18
264,0,1,0,0,0,0,0,0,1,1,0,0,0,0,1,1,0,1,0,145.68
265,0,1,0,0,0,0,0,0,1,1,0,0,1,0,1,1,0,1,0,146.18
266,0,1,1,0,0,0,0,0,1,1,0,0,1,0,1,1,0,1,0,146.68
267,0,1,1,0,0,0,0,0,1,1,0,0,1,0,0,1,0,1,0,147.18
268,0,1,1,0,0,0,0,0,1,1,0,0,1,0,0,1,0,1,0,147.68
269,0,1,1,0,0,1,0,0,1,1,0,0,1,0,0,1,1,1,0,148.18
270,0,1,1,0,0,1,0,0,1,1,0,0,1,0,0,1,1,1,0,148.68
271,1,1,1,0,0,0,0,0,1,1,0,0,1,0,0,1,1,1,0,149.18
272,1,1,1,0,0,0,0,0,1,1,0,0,1,0,0,0,1,1,0,149.68
273,0,1,1,0,0,0,0,0,1,1,0,0,0,0,0,0,1,1,0,150.18
274,0,1,1,0,0,0,0,0,1,1,0,0,0,0,0,0,1,1,0,150.68
275,0,1,0,0,0,0,0,0,1,1,0,0,0,0,0,0,1,1,0,151.18
276,0,1,0,0,0,0,0,0,1,1,0,0,0,0,0,0,1,0,0,151.68
277,0,1,0,0,0,0,0,0,1,1,0,0,0,0,0,0,1,1,0,152.18
278,0,1,0,0,0,0,0,0,1,1,0,0,0,0,0,0,1,1,0,152.68
279,0,0,0,0,0,0,0,0,1,1,0,0,0,0,0,0,1,0,0,153.18
280,0,1,0,0,0,1,0,0,1,1,0,0,0,0,0,0,1,1,0,153.68
281,0,1,0,0,0,1,0,0,1,0,0,0,0,0,0,0,1,1,0,154.18
282,0,1,0,0,0,1,0,0,1,0,0,0,0,0,0,0,1,1,0,154.68
283,0,1,0,0,0,1,0,0,1,0,0,0,0,0,0,0,1,1,0,155.18
284,0,1,0,0,0,1,0,0,1,0,0,0,0,0,0,0,1,1,0,155.68
285,0,1,0,0,0,1,0,0,1,0,0,0,0,0,0,0,1,0,0,156.18
286,0,1,0,0,0,1,0,0,1,0,0,0,0,0,0,0,1,0,0,156.68
287,0,1,0,0,0,1,0,0,1,0,0,0,0,0,0,0,1,0,0,157.18
288,0,1,0,0,0,1,0,0,1,0,0,0,0,0,0,0,1,0,0,157.68
289,0,1,0,0,0,0,0,0,1,0,0,0,0,0,0,0,1,0,0,158.18
290,0,1,0,1,0,1,0,0,1,0,0,0,0,0,0,0,1,1,0,158.68
291,0,1,0,1,0,1,0,0,1,0,0,0,0,0,0,0,1,1,0,159.18
292,0,1,0,1,0,1,0,1,1,0,1,0,1,0,0,0,1,1,0,159.68
293,0,1,0,0,0,1,0,1,1,0,1,0,1,0,0,1,1,0,0,160.18
294,0,1,0,0,0,1,0,0,1,1,0,0,1,0,0,1,1,1,0,160.68
295,0,1,0,0,0,0,0,0,1,1,0,0,1,0,0,1,1,1,0,161.18
296,0,1,1,0,0,0,0,0,1,1,0,0,1,0,0,1,1,1,0,161.68
297,1,1,1,0,0,0,0,0,1,1,0,0,1,0,0,0,1,1,0,162.18
298,1,1,1,0,0,0,0,0,1,1,0,0,1,0,0,0,1,1,0,162.68
299,0,1,1,0,0,1,0,1,1,1,1,0,0,0,0,0,0,1,0,163.18
300,0,1,1,0,0,1,0,1,1,1,1,0,0,0,0,1,0,1,0,163.68
301,0,1,1,0,0,1,0,1,1,0,1,0,0,0,0,1,0,0,0,164.18
302,0,1,0,0,0,0,0,1,1,0,1,0,0,0,0,1,0,0,0,164.68
303,0,1,0,0,0,0,0,1,1,0,1,0,0,0,0,1,0,1,0,165.18
304,0,1,0,0,0,0,0,1,1,1,1,0,1,0,0,1,0,0,0,165.68
305,0,1,0,0,0,0,0,1,1,1,1,0,1,0,0,0,0,1,0,166.18
306,0,1,0,0,0,0,0,0,1,1,0,0,1,0,0,0,0,1,0,166.68
307,0,1,0,0,0,0,0,0,1,1,0,0,1,0,0,0,0,1,0,167.18
308,0,1,0,0,0,0,0,0,1,1,0,0,1,0,0,0,0,1,0,167.68
309,0,1,0,0,0,0,0,0,1,1,0,0,1,0,0,1,0,1,0,168.18
310,0,1,0,0,0,0,0,0,1,1,0,0,1,0,0,1,0,1,0,168.68
311,0,1,0,0,0,0,0,0,1,1,0,0,1,0,0,1,0,0,0,169.18
312,0,1,0,0,0,1,1,0,1,1,0,0,1,0,0,1,0,0,0,169.68
313,0,1,0,0,0,1,1,0,1,1,0,0,1,0,0,1,0,0,0,170.18
314,0,1,0,0,0,1,1,0,1,1,0,0,1,0,0,0,0,0,0,170.68
315,0,1,0,0,0,1,1,0,1,1,0,0,1,0,0,0,0,0,0,171.18
316,0,1,0,0,0,1,1,0,1,1,0,0,0,0,1,1,0,0,0,171.68
317,0,1,0,0,0,0,0,0,1,1,0,0,0,0,1,1,0,0,0,172.18
318,0,1,0,0,0,0,0,0,1,1,0,0,0,0,1,1,0,1,0,172.68
319,0,1,0,0,0,0,0,0,1,1,0,0,0,0,1,1,0,1,0,173.18
320,0,1,0,0,0,0,0,0,1,1,0,0,0,0,1,1,0,0,0,173.68
321,0,1,0,0,0,0,0,0,1,1,0,0,0,0,0,1,0,0,0,174.18
322,0,1,0,0,0,0,0,0,1,1,0,0,0,0,0,1,0,0,0,174.68
323,0,1,0,0,0,0,0,0,1,1,0,0,1,0,0,1,0,0,0,175.18
324,0,1,1,0,0,0,0,0,1,1,0,0,1,0,0,1,0,0,0,175.68
325,0,1,1,0,0,0,0,0,1,1,0,0,1,0,0,1,0,0,0,176.18
326,0,1,1,0,0,1,0,0,1,1,0,0,1,0,0,0,0,0,0,176.68
327,0,1,1,0,0,1,0,0,1,1,0,0,1,0,0,0,0,1,0,177.18
328,0,1,1,0,0,1,0,0,1,0,0,0,1,0,0,0,0,1,0,177.68
329,0,1,1,0,0,1,0,0,1,0,0,0,1,0,0,0,1,1,0,178.18
330,0,1,1,0,0,1,0,0,1,1,0,0,1,0,0,0,1,1,0,178.68
331,0,1,1,0,0,1,0,0,1,1,0,0,0,0,0,0,1,1,0,179.18
332,0,1,1,0,0,0,0,0,1,1,0,0,0,0,0,0,1,0,0,179.68
333,0,1,1,0,0,0,0,0,1,1,0,0,0,0,0,0,1,0,0,180.18
334,0,1,0,0,0,0,0,0,1,1,0,0,0,0,0,0,1,1,0,180.68
335,0,1,0,0,0,0,0,0,1,1,0,0,0,0,0,0,1,1,0,181.18
336,0,1,0,0,0,0,0,0,1,1,0,0,0,0,0,0,1,1,0,181.68
337,0,1,1,0,0,0,0,0,1,1,0,0,0,0,0,0,1,1,0,182.18
338,0,1,1,0,0,0,0,0,1,1,0,0,0,0,0,0,1,1,0,182.68
339,1,1,1,0,0,0,0,0,1,1,0,0,0,0,0,0,1,1,0,183.18
340,1,1,1,0,0,1,0,0,1,1,0,0,0,0,0,0,1,1,0,183.68
341,0,1,1,0,0,1,0,0,1,1,0,0,0,0,0,0,1,1,0,184.18
342,0,1,1,0,0,1,0,0,1,1,0,0,0,0,0,0,1,1,0,184.68
343,0,1,1,0,0,0,0,0,1,1,0,0,0,0,0,0,1,1,0,185.18
344,0,1,1,0,0,0,0,1,1,1,1,0,0,0,0,0,1,1,0,185.68
345,0,1,1,0,0,1,1,1,1,1,1,0,0,0,0,0,1,1,0,186.18
346,0,1,0,0,0,1,1,1,1,1,1,0,0,0,0,0,1,1,0,186.68
347,0,1,0,0,0,1,1,0,1,1,0,0,0,0,0,1,1,0,0,187.18
348,0,1,0,0,0,1,1,0,1,1,0,0,0,0,0,1,1,0,1,187.68
349,0,1,0,0,0,1,1,0,1,1,0,0,0,0,0,1,1,0,1,188.18
350,0,1,0,0,0,1,1,0,1,1,0,0,0,0,0,1,1,1,1,188.68
351,0,1,0,0,0,1,1,1,1,1,1,0,0,0,0,1,1,1,0,189.18
352,0,1,0,0,0,1,1,1,1,1,1,0,0,0,0,1,1,1,0,189.68
353,0,1,0,0,0,1,1,0,1,1,0,0,0,0,0,0,1,0,0,190.18
354,0,1,0,0,0,1,1,0,1,1,0,0,0,0,0,0,1,1,0,190.68
355,0,1,0,0,0,1,1,0,1,1,0,0,0,0,0,1,1,1,0,191.18
356,0,1,0,0,0,1,1,1,1,1,1,0,0,0,0,1,1,1,0,191.68
357,0,1,0,0,0,1,1,1,1,1,1,0,0,0,0,1,1,1,0,192.18
358,0,1,0,0,0,1,1,0,1,1,0,0,0,1,0,1,1,1,0,192.68
359,0,1,0,0,0,1,1,0,1,1,0,0,0,1,0,1,1,1,0,193.18
360,0,1,0,0,0,1,1,0,1,1,0,0,1,1,0,1,1,1,0,193.68
361,0,1,0,0,0,1,0,0,1,1,0,0,1,1,0,0,0,1,0,194.18
362,0,1,1,0,0,1,0,1,1,1,1,0,1,1,0,0,0,1,0,194.68
363,0,1,1,0,0,1,0,1,1,1,1,0,1,0,0,0,0,1,0,195.18
364,0,1,1,0,0,0,0,0,1,1,0,0,1,0,0,1,0,1,0,195.68
365,0,1,1,0,0,0,0,0,1,1,0,0,1,0,0,1,0,1,0,196.18
366,0,1,1,0,0,0,0,0,1,1,0,0,1,0,0,1,0,1,0,196.68
367,0,1,1,0,0,0,0,0,1,1,0,0,1,0,0,1,0,1,0,197.18
368,0,1,1,0,0,0,0,1,1,1,1,0,1,0,0,1,0,1,0,197.68
369,0,1,1,0,0,0,0,1,1,1,1,0,1,0,0,0,0,1,0,198.18
370,0,1,1,0,0,0,0,1,1,1,1,0,1,0,0,0,0,1,0,198.68
371,0,1,1,0,0,0,0,1,1,1,1,0,1,0,0,0,0,1,0,199.18
372,0,1,1,0,0,0,0,0,1,1,0,0,1,0,0,1,0,1,0,199.68
373,0,1,1,0,0,0,0,0,1,1,0,0,1,0,0,1,0,1,0,200.18
374,0,1,1,0,0,0,0,0,1,1,0,0,1,0,0,1,0,1,0,200.68
375,0,1,1,0,0,1,1,1,1,1,1,0,1,0,0,1,1,1,0,201.18
376,0,1,1,0,0,1,1,1,1,1,1,0,1,0,0,1,1,1,0,201.68
377,0,1,1,0,0,1,1,0,1,1,0,0,1,0,0,1,1,0,0,202.18
378,0,1,1,0,0,1,1,0,1,1,0,0,0,0,0,0,1,0,0,202.68
379,0,1,1,0,0,1,1,0,1,1,0,0,1,0,0,0,1,0,0,203.18
380,0,1,1,0,0,1,1,0,1,1,0,0,1,0,0,1,1,0,0,203.68
381,0,1,1,0,0,0,0,0,1,1,0,0,0,0,0,1,1,1,0,204.18
382,0,1,0,0,0,0,0,0,1,1,0,0,0,0,0,1,1,1,0,204.68
383,0,1,0,0,0,0,0,0,1,1,0,0,0,0,0,1,1,1,0,205.18
384,0,1,0,0,0,0,0,0,1,0,0,0,0,0,0,1,1,1,0,205.68
385,0,1,0,0,0,0,0,0,1,1,0,0,0,0,0,1,1,1,0,206.18
386,0,1,0,0,0,1,1,0,1,1,0,0,0,0,0,1,1,1,0,206.68
387,1,1,1,0,0,1,1,0,1,1,0,0,0,0,0,0,1,0,0,207.18
388,1,1,1,0,0,1,1,0,1,1,0,0,0,0,1,1,1,1,0,207.68
389,1,1,1,0,0,1,0,0,1,1,0,0,0,0,1,1,1,1,0,208.18
390,0,1,0,0,0,1,0,0,1,1,1,0,0,0,1,1,1,1,0,208.68
391,0,1,0,0,0,1,0,0,1,1,1,0,0,0,1,1,1,0,0,209.18
392,0,1,0,1,0,1,1,0,1,1,1,0,0,0,1,1,1,1,0,209.68
393,0,1,0,1,0,1,1,0,1,1,0,0,0,0,1,1,1,1,1,210.18
394,0,1,0,1,0,1,1,0,1,1,0,0,0,0,1,1,1,0,1,210.68
395,0,1,0,1,0,1,1,1,1,0,1,0,0,0,0,1,1,1,0,211.18
396,0,1,0,1,0,1,1,1,1,0,1,0,0,0,0,1,1,1,0,211.68
397,0,1,0,1,0,1,1,1,1,0,1,0,0,0,0,1,1,1,0,212.18
398,0,1,0,1,0,1,1,1,1,1,1,0,0,0,0,1,1,1,0,212.68
399,0,1,0,0,0,1,1,0,1,1,0,0,1,0,0,0,1,1,1,213.18
400,0,1,1,0,0,1,1,0,1,1,0,0,1,0,0,0,1,0,1,213.68
401,0,1,1,0,0,1,1,0,1,1,0,0,1,0,0,0,1,0,1,214.18
402,0,1,1,0,0,1,1,0,1,1,0,0,1,0,0,0,1,1,0,214.68
403,0,1,1,0,0,0,0,0,1,1,0,0,0,0,0,1,1,1,0,215.18
404,0,1,0,0,0,0,0,0,1,1,0,0,1,0,0,1,1,1,0,215.68
405,0,1,0,0,0,1,0,0,1,1,0,0,1,0,0,1,1,0,0,216.18
406,0,1,0,0,0,1,0,0,1,1,0,0,1,0,0,1,1,1,0,216.68
407,0,1,0,0,0,1,0,0,1,1,0,0,1,0,0,1,1,1,0,217.18
408,0,1,0,0,0,0,0,0,1,1,0,0,1,0,0,1,1,1,0,217.68
409,0,1,0,0,0,1,0,0,1,1,0,0,1,0,0,1,1,1,0,218.18
410,0,1,0,0,0,1,0,0,1,1,0,0,1,0,0,1,1,1,0,218.68
411,0,1,0,0,0,1,0,0,1,1,0,0,0,1,0,1,1,1,0,219.18
412,1,1,1,0,0,1,0,0,1,1,0,0,0,1,0,1,1,1,0,219.68
413,1,1,1,0,0,1,0,0,1,1,0,0,0,1,0,1,1,1,0,220.18
414,1,1,1,0,0,1,0,0,1,1,0,0,0,1,0,1,1,0,0,220.68
415,1,1,1,0,0,1,0,0,1,1,0,0,0,1,0,0,1,1,0,221.18
416,0,1,1,0,0,1,0,0,1,1,0,0,1,1,0,0,1,1,0,221.68
417,0,1,1,0,0,1,0,0,1,1,0,0,1,1,0,0,1,1,0,222.18
418,0,1,1,0,0,0,0,1,1,1,1,0,1,1,0,0,1,1,0,222.68
419,0,1,1,0,0,0,0,1,1,1,1,0,1,0,0,0,1,1,0,223.18
420,0,1,1,0,0,1,0,1,1,1,1,0,1,0,0,0,1,1,0,223.68
421,0,1,0,0,0,1,0,0,1,1,0,0,1,0,0,0,1,1,0,224.18
422,0,1,0,0,0,1,0,0,1,1,0,0,1,0,0,0,1,1,0,224.68
423,0,1,0,0,0,1,0,0,1,1,0,0,1,0,0,0,1,1,0,225.18
424,1,1,1,0,0,1,0,0,1,1,0,0,0,0,0,0,1,1,0,225.68
425,1,1,1,0,0,0,0,0,1,1,0,0,0,0,0,0,1,1,0,226.18
426,1,1,1,0,0,0,0,0,1,1,0,0,0,0,0,0,1,1,0,226.68
427,0,1,1,0,0,0,0,0,1,1,0,0,0,0,0,1,1,1,0,227.18
428,1,1,1,0,0,0,0,0,1,1,0,0,0,0,0,1,1,1,0,227.68
429,1,1,0,0,0,0,0,0,1,1,0,0,0,0,0,1,1,1,0,228.18
430,0,1,0,0,0,1,0,0,1,1,0,0,0,0,0,1,1,0,0,228.68
431,1,1,1,0,0,1,0,0,1,1,0,0,0,0,0,1,1,0,0,229.18
432,1,1,1,0,0,0,0,0,1,1,0,0,0,0,0,1,1,0,0,229.68
433,1,1,1,0,0,1,0,0,1,1,0,0,0,0,0,1,1,0,0,230.18
434,0,1,1,0,0,1,0,0,1,1,0,0,0,0,0,0,1,0,0,230.68
435,0,1,1,0,0,1,0,0,1,1,0,0,0,0,0,0,1,1,0,231.18
436,0,1,1,0,0,0,0,0,1,1,0,0,0,0,0,0,1,1,0,231.68
437,0,1,0,0,0,0,0,0,1,1,0,0,0,0,0,0,1,1,0,232.18
438,0,1,0,0,0,0,0,0,1,1,0,0,0,0,0,0,1,1,0,232.68
439,0,1,0,0,0,0,0,0,1,1,0,0,0,0,0,0,1,0,0,233.18
440,0,1,0,0,0,1,0,0,1,1,0,0,0,0,0,0,1,0,0,233.68
441,0,1,0,0,0,1,0,0,1,1,0,0,0,0,0,1,1,1,0,234.18
442,0,1,0,0,0,0,0,0,1,1,0,0,0,0,0,1,0,1,0,234.68
443,0,1,0,0,0,0,0,0,1,1,0,0,0,0,0,1,0,1,0,235.18
444,0,1,0,0,0,0,0,0,1,1,0,0,0,0,0,1,0,1,0,235.68
445,0,1,0,0,0,1,1,0,1,1,0,0,0,0,0,1,0,1,0,236.18
446,0,1,0,0,0,1,1,0,1,1,0,0,0,0,0,0,0,0,0,236.68
447,0,1,0,0,0,1,1,0,1,1,0,0,0,0,0,0,0,1,0,237.18
448,0,1,0,0,0,1,1,0,1,1,0,0,0,0,1,1,0,1,0,237.68
449,0,1,0,0,0,0,0,0,1,1,0,0,0,0,1,1,0,0,0,238.18
450,0,1,0,0,0,0,0,0,1,1,0,0,0,0,1,1,0,0,0,238.68
451,0,1,0,0,0,0,0,0,1,1,0,0,0,0,1,1,0,0,0,239.18
452,0,1,0,0,0,1,1,0,1,1,0,0,0,0,1,1,1,0,0,239.68
453,0,1,0,0,0,1,1,0,1,1,0,0,0,0,1,1,1,0,0,240.18
454,0,1,0,0,0,1,1,0,1,1,0,0,0,0,1,1,1,0,0,240.68
455,0,1,0,0,0,0,0,0,1,0,0,0,0,0,1,1,1,0,0,241.18
456,0,1,0,0,0,0,0,0,1,0,0,0,0,0,1,1,1,0,0,241.68
457,0,1,0,0,0,0,0,0,1,0,0,0,0,0,1,1,1,1,0,242.18
458,0,1,0,0,0,0,0,0,1,0,0,0,0,0,1,1,1,1,0,242.68
459,1,1,1,0,0,0,0,0,1,0,0,0,0,0,1,1,1,1,0,243.18
460,1,1,1,0,0,0,0,0,1,0,0,0,0,0,1,1,1,0,1,243.68
461,1,1,0,0,0,0,0,0,1,0,0,0,0,0,1,1,1,0,1,244.18
462,0,1,0,0,0,0,0,0,1,0,0,0,0,0,1,1,1,0,0,244.68
463,0,1,1,0,0,1,1,0,1,0,0,0,0,0,1,1,1,1,0,245.18
464,0,1,1,0,0,1,1,0,1,0,0,0,0,0,1,1,1,1,0,245.68
465,0,1,1,0,0,1,1,1,1,0,1,0,0,0,1,1,1,0,0,246.18
466,0,1,0,0,0,1,1,1,1,0,1,0,0,0,1,1,1,1,0,246.68
467,0,1,0,0,0,1,1,1,1,0,1,0,0,0,1,1,1,1,0,247.18
468,0,1,0,0,0,1,1,1,1,0,1,0,0,0,1,1,0,1,0,247.68
469,0,1,0,0,0,1,1,1,1,0,1,0,0,0,1,1,0,1,0,248.18
470,0,1,0,0,0,0,0,1,1,0,1,0,0,0,1,1,0,1,0,248.68
471,0,1,0,0,0,0,0,0,1,0,0,0,0,0,1,1,0,1,0,249.18
472,0,1,0,0,0,0,0,0,1,0,0,0,0,0,1,1,0,1,0,249.68
473,0,1,0,0,0,1,1,1,1,0,1,0,0,0,1,1,0,1,0,250.18
474,0,1,0,0,0,1,1,1,1,0,1,0,1,0,1,1,0,1,0,250.68
475,0,1,0,0,0,1,1,0,1,0,0,0,1,0,0,0,0,1,0,251.18
476,0,1,0,0,0,0,0,0,1,0,0,0,1,0,0,0,0,1,0,251.68
477,0,1,0,0,0,0,0,0,1,0,0,0,1,0,0,0,0,1,0,252.18
478,0,1,0,0,0,1,0,0,1,1,0,0,1,0,0,0,0,0,1,252.68
479,0,1,0,0,0,1,0,0,1,1,0,0,1,0,0,0,0,1,0,253.18
480,0,1,0,0,0,0,0,0,1,1,0,0,1,0,0,0,0,1,0,253.68
481,0,1,0,0,0,0,0,0,1,1,0,0,1,0,0,0,0,1,0,254.18
482,0,1,0,0,0,0,0,0,1,0,0,0,1,0,0,1,0,1,0,254.68
483,0,1,0,0,0,0,0,1,1,0,1,0,1,0,0,1,0,1,0,255.18
484,0,1,0,0,0,0,0,1,1,0,1,0,1,0,0,1,0,1,0,255.68
485,0,1,0,0,0,1,1,1,1,0,1,0,1,0,0,1,1,0,0,256.18
486,0,1,0,0,0,1,1,0,1,0,0,0,0,0,0,1,1,0,0,256.68
487,0,1,0,0,0,1,1,0,1,0,0,0,0,0,0,1,1,1,0,257.18
488,0,1,0,0,0,1,1,0,1,0,0,0,0,0,0,1,1,0,0,257.68
489,0,1,0,0,0,0,0,0,0,0,0,0,0,0,0,0,1,0,0,258.18
490,0,1,0,0,0,1,0,0,0,0,0,0,0,0,0,0,1,0,0,258.68
491,0,1,0,0,0,1,0,0,1,0,0,0,0,0,0,1,1,0,0,259.18
492,0,1,0,0,0,1,0,0,1,0,0,0,0,0,0,1,1,1,0,259.68
493,0,1,0,0,0,0,0,0,1,0,0,0,0,0,0,1,1,1,0,260.18
494,0,1,0,0,0,0,0,0,1,0,0,0,0,0,0,1,1,1,0,260.68
495,0,1,0,0,0,0,0,0,1,0,0,0,0,0,0,1,1,1,0,261.18
496,0,1,0,0,0,0,0,0,1,0,0,0,0,0,0,1,1,1,0,261.68
497,1,1,0,0,0,0,0,0,1,0,0,0,0,0,0,1,1,1,0,262.18
498,1,1,0,0,0,0,0,0,1,0,0,0,0,0,0,1,1,1,0,262.68
499,0,1,0,0,0,0,0,0,1,0,0,0,0,0,0,1,1,1,0,263.18
500,1,1,0,0,0,1,1,0,1,0,0,0,0,0,0,1,1,1,0,263.68
501,1,1,0,0,0,1,1,0,1,0,0,0,0,0,0,1,1,0,0,264.18
502,0,1,0,0,0,1,1,0,1,0,0,0,0,0,0,0,1,0,1,264.68
503,0,1,0,0,0,1,1,0,1,0,0,0,0,0,0,0,1,0,1,265.18
504,0,1,0,0,0,1,1,0,1,0,0,0,0,0,0,0,1,0,0,265.68
505,0,1,0,0,0,1,1,0,1,0,0,0,0,0,0,0,1,0,0,266.18
506,0,1,0,0,0,0,0,0,1,0,0,0,0,0,0,0,1,1,0,266.68
507,0,1,0,0,0,0,0,0,1,0,0,0,0,0,0,0,1,1,0,267.18
508,0,1,1,0,0,1,1,0,1,1,0,0,1,0,0,0,1,0,1,267.68
509,0,1,1,0,0,1,1,0,1,1,0,0,1,0,0,0,1,0,1,268.18
510,0,1,1,0,0,0,0,0,1,1,0,0,1,0,0,1,0,1,0,268.68
511,0,1,0,0,0,0,0,0,1,1,0,0,1,0,0,1,0,1,0,269.18
512,0,1,0,0,0,0,0,0,1,1,0,0,1,0,0,1,0,1,0,269.68
513,0,1,0,0,0,0,0,0,1,1,0,0,1,0,0,1,0,1,0,270.18
514,0,1,0,0,0,1,1,0,1,1,0,0,1,0,0,1,0,1,0,270.68
515,0,1,0,0,0,1,1,0,1,1,0,0,1,0,0,1,0,1,0,271.18
516,0,1,0,0,0,1,1,0,1,1,0,0,0,0,0,0,0,1,0,271.68
517,0,1,0,0,0,0,0,0,1,1,0,0,0,0,0,0,0,1,0,272.18
518,0,1,0,0,0,0,0,0,1,1,0,0,0,0,0,1,0,1,0,272.68
519,0,1,0,0,0,0,0,0,1,1,1,0,0,0,0,1,0,0,0,273.18
520,0,1,0,0,0,0,0,0,1,1,1,0,0,0,0,1,0,1,0,273.68
521,0,1,0,0,0,0,0,0,1,1,0,0,0,0,0,1,0,0,0,274.18
522,0,1,0,0,0,1,1,0,1,1,0,0,0,0,0,1,1,1,0,274.68
523,0,1,0,0,0,1,1,0,1,1,0,0,0,0,0,0,1,1,0,275.18
524,0,1,0,0,0,1,1,0,1,1,0,0,1,0,0,0,1,1,0,275.68
525,0,1,0,0,0,1,1,0,1,1,0,0,1,0,0,0,1,1,0,276.18
526,0,1,1,0,0,1,1,0,1,1,0,0,1,0,0,0,1,1,1,276.68
527,0,1,1,0,0,1,1,0,1,1,0,0,1,0,0,0,1,0,1,277.18
528,0,1,1,0,0,1,1,0,1,1,0,0,1,0,0,1,1,1,0,277.68
529,1,1,1,0,0,0,0,0,1,1,0,0,1,0,0,1,1,1,0,278.18
530,1,1,1,0,0,0,0,0,1,1,0,0,1,0,0,1,1,1,0,278.68
531,0,1,1,0,0,1,1,0,1,1,0,0,1,0,0,1,1,1,0,279.18
532,0,1,1,0,0,1,1,0,1,1,0,0,1,0,0,1,1,1,0,279.68
533,0,1,1,0,0,1,1,0,1,1,0,0,1,0,0,0,1,1,0,280.18
534,0,1,1,0,0,1,1,0,1,1,0,0,1,0,0,0,1,1,0,280.68
535,0,1,1,0,0,1,1,0,1,1,0,0,1,0,0,1,1,1,0,281.18
536,0,1,1,0,0,0,0,0,1,1,0,0,1,0,0,1,1,1,0,281.68
537,0,1,1,0,0,1,1,0,1,0,0,0,1,0,0,1,1,1,0,282.18
538,0,1,1,0,0,1,1,0,1,0,0,0,1,0,0,1,1,0,0,282.68
539,0,1,1,0,0,1,1,1,1,0,1,0,1,0,0,1,1,0,0,283.18
540,0,1,1,0,0,1,1,1,1,0,1,0,1,0,0,0,1,1,0,283.68
541,0,1,1,0,0,1,1,0,1,0,0,0,1,0,0,0,1,1,0,284.18
542,0,1,1,0,0,1,0,0,1,0,0,0,1,0,0,0,1,1,0,284.68
543,0,1,1,0,0,1,0,0,1,1,0,0,1,0,0,0,1,1,0,285.18
544,1,1,1,0,0,0,0,0,1,1,0,0,1,0,0,1,1,1,0,285.68
545,1,1,0,0,0,0,0,0,1,1,0,0,0,0,0,1,1,0,0,286.18
546,1,1,0,0,0,0,0,0,1,1,0,0,0,0,0,1,1,0,1,286.68
547,0,1,0,0,0,0,0,0,1,1,0,0,0,0,0,1,1,0,1,287.18
