,action,who,s_time,e_time,t_time,sub_action,action:sub_action
0,Child utterance,Child,8.36,8.8,0.44,utterance,Child utterance:utterance
1,Child utterance,Child,10.94,11.43,0.49,utterance,Child utterance:utterance
2,Child utterance,Child,31.244,32.564,1.32,utterance,Child utterance:utterance
3,Child utterance,Child,33.804,35.224,1.42,utterance,Child utterance:utterance
4,Child utterance,Child,49.819,51.149,1.33,utterance,Child utterance:utterance
5,Child utterance,Child,62.299,63.019,0.72,utterance,Child utterance:utterance
6,Child utterance,Child,102.324,103.00399999999999,0.68,utterance,Child utterance:utterance
7,Child utterance,Child,105.22399999999999,105.97399999999999,0.75,other vocalization,Child utterance:other vocalization
8,Child utterance,Child,121.436,121.886,0.45,other vocalization,Child utterance:other vocalization
9,Child utterance,Child,129.856,130.706,0.85,utterance,Child utterance:utterance
10,Child utterance,Child,142.816,143.826,1.01,other vocalization,Child utterance:other vocalization
11,Child utterance,Child,150.761,152.221,1.46,utterance,Child utterance:utterance
12,Child utterance,Child,153.046,153.686,0.64,utterance,Child utterance:utterance
13,Child utterance,Child,158.091,158.631,0.54,other vocalization,Child utterance:other vocalization
14,Child utterance,Child,163.56,164.62,1.06,other vocalization,Child utterance:other vocalization
15,Child utterance,Child,164.62,167.21,2.59,utterance,Child utterance:utterance
16,Child utterance,Child,169.68,170.59,0.91,utterance,Child utterance:utterance
17,Child utterance,Child,171.825,172.435,0.61,other vocalization,Child utterance:other vocalization
18,Child utterance,Child,173.69,175.27,1.58,utterance,Child utterance:utterance
19,Child utterance,Child,176.245,176.975,0.73,utterance,Child utterance:utterance
20,Child utterance,Child,184.685,186.095,1.41,utterance,Child utterance:utterance
21,Child utterance,Child,189.27,190.13,0.86,utterance,Child utterance:utterance
22,Child utterance,Child,194.44,194.97,0.53,other vocalization,Child utterance:other vocalization
23,Child utterance,Child,204.19,204.74,0.55,other vocalization,Child utterance:other vocalization
24,Child utterance,Child,209.23,210.44,1.21,utterance,Child utterance:utterance
25,Child utterance,Child,215.21,215.74,0.53,other vocalization,Child utterance:other vocalization
26,Child utterance,Child,220.03,220.52,0.49,utterance,Child utterance:utterance
27,Child utterance,Child,221.82,222.65,0.83,other vocalization,Child utterance:other vocalization
28,Child utterance,Child,229.04,230.09,1.05,other vocalization,Child utterance:other vocalization
29,Child utterance,Child,237.645,238.385,0.74,utterance,Child utterance:utterance
30,Child utterance,Child,238.995,239.685,0.69,utterance,Child utterance:utterance
31,Child utterance,Child,240.445,241.025,0.58,other vocalization,Child utterance:other vocalization
32,Child utterance,Child,249.795,251.155,1.36,utterance,Child utterance:utterance
33,Child utterance,Child,254.55,255.29,0.74,utterance,Child utterance:utterance
34,Child utterance,Child,255.84,257.24,1.4,not sure,Child utterance:not sure
35,Child utterance,Child,262.9,264.58,1.68,utterance,Child utterance:utterance
36,Child utterance,Child,277.07,277.87,0.8,utterance,Child utterance:utterance
37,Child utterance,Child,277.875,280.685,2.81,utterance,Child utterance:utterance
38,Child utterance,Child,308.4,309.7,1.3,utterance,Child utterance:utterance
39,Child utterance,Child,311.67,312.14,0.47,other vocalization,Child utterance:other vocalization
40,Child utterance,Child,314.285,314.675,0.39,other vocalization,Child utterance:other vocalization
41,Child utterance,Child,332.88,335.14,2.26,utterance,Child utterance:utterance
42,Child utterance,Child,339.48,340.59000000000003,1.11,other vocalization,Child utterance:other vocalization
43,Child utterance,Child,341.155,341.825,0.67,other vocalization,Child utterance:other vocalization
44,Child utterance,Child,356.555,358.065,1.51,utterance,Child utterance:utterance
45,Child utterance,Child,358.07,359.71,1.64,utterance,Child utterance:utterance
46,Child utterance,Child,363.275,363.925,0.65,utterance,Child utterance:utterance
47,Child utterance,Child,365.205,365.775,0.57,utterance,Child utterance:utterance
48,Child utterance,Child,367.885,368.385,0.5,utterance,Child utterance:utterance
49,Child utterance,Child,368.925,369.595,0.67,utterance,Child utterance:utterance
50,Child utterance,Child,384.72,386.27,1.55,utterance,Child utterance:utterance
51,Child utterance,Child,388.365,388.955,0.59,utterance,Child utterance:utterance
52,Child utterance,Child,392.29,392.94,0.65,utterance,Child utterance:utterance
53,Child utterance,Child,395.655,396.205,0.55,other vocalization,Child utterance:other vocalization
54,Child utterance,Child,408.24,408.67,0.43,other vocalization,Child utterance:other vocalization
55,Child utterance,Child,411.137,413.157,2.02,utterance,Child utterance:utterance
56,Child utterance,Child,416.872,417.302,0.43,utterance,Child utterance:utterance
57,Child utterance,Child,418.797,419.317,0.52,other vocalization,Child utterance:other vocalization
58,Child utterance,Child,431.797,432.817,1.02,utterance,Child utterance:utterance
59,Child utterance,Child,434.342,434.642,0.3,utterance,Child utterance:utterance
60,Child utterance,Child,443.37,443.99,0.62,utterance,Child utterance:utterance
61,Child utterance,Child,465.365,465.885,0.52,utterance,Child utterance:utterance
62,Child utterance,Child,468.08,468.65999999999997,0.58,utterance,Child utterance:utterance
63,Child utterance,Child,470.745,471.175,0.43,utterance,Child utterance:utterance
64,Child utterance,Child,472.65,473.14,0.49,utterance,Child utterance:utterance
65,Child utterance,Child,475.075,475.615,0.54,other vocalization,Child utterance:other vocalization
66,Child utterance,Child,479.675,480.145,0.47,other vocalization,Child utterance:other vocalization
67,Child utterance,Child,490.81,491.35,0.54,other vocalization,Child utterance:other vocalization
68,Child gaze,Child,2.4,7.55,5.15,robot,Child gaze:robot
69,Child gaze,Child,7.57,9.013,1.443,props,Child gaze:props
70,Child gaze,Child,9.019,10.791,1.772,robot,Child gaze:robot
71,Child gaze,Child,10.791,11.248,0.457,props,Child gaze:props
72,Child gaze,Child,11.262,12.919,1.657,parent,Child gaze:parent
73,Child gaze,Child,12.928,13.228,0.3,props,Child gaze:props
74,Child gaze,Child,13.242,14.171,0.929,robot,Child gaze:robot
75,Child gaze,Child,14.185,14.813,0.628,props,Child gaze:props
76,Child gaze,Child,14.828,15.971,1.143,parent,Child gaze:parent
77,Child gaze,Child,15.999,19.985,3.986,robot,Child gaze:robot
78,Child gaze,Child,19.992,22.492,2.5,props,Child gaze:props
79,Child gaze,Child,22.504,27.649,5.145,robot,Child gaze:robot
80,Child gaze,Child,27.66,28.648,0.988,props,Child gaze:props
81,Child gaze,Child,28.654,30.0,1.346,robot,Child gaze:robot
82,Child gaze,Child,30.018,32.673,2.655,parent,Child gaze:parent
83,Child gaze,Child,32.679,33.643,0.964,robot,Child gaze:robot
84,Child gaze,Child,33.673,35.233,1.56,parent,Child gaze:parent
85,Child gaze,Child,35.261,46.678,11.417,robot,Child gaze:robot
86,Child gaze,Child,46.69,48.261,1.571,missing data,Child gaze:missing data
87,Child gaze,Child,48.261,49.166,0.905,robot,Child gaze:robot
88,Child gaze,Child,49.571,51.196,1.625,parent,Child gaze:parent
89,Child gaze,Child,51.196,55.383,4.187,robot,Child gaze:robot
90,Child gaze,Child,55.392,57.701,2.309,props,Child gaze:props
91,Child gaze,Child,57.701,58.975,1.274,robot,Child gaze:robot
92,Child gaze,Child,60.808,62.213,1.405,robot,Child gaze:robot
93,Child gaze,Child,62.225,64.55799999999999,2.333,parent,Child gaze:parent
94,Child gaze,Child,64.55799999999999,65.51,0.952,robot,Child gaze:robot
95,Child gaze,Child,65.511,66.392,0.881,props,Child gaze:props
96,Child gaze,Child,66.404,69.475,3.071,robot,Child gaze:robot
97,Child gaze,Child,70.69200000000001,73.919,3.227,robot,Child gaze:robot
98,Child gaze,Child,73.936,76.19800000000001,2.262,props,Child gaze:props
99,Child gaze,Child,76.214,84.463,8.249,robot,Child gaze:robot
100,Child gaze,Child,84.463,86.273,1.81,parent,Child gaze:parent
101,Child gaze,Child,86.273,88.202,1.929,robot,Child gaze:robot
102,Child gaze,Child,88.226,89.214,0.988,parent,Child gaze:parent
103,Child gaze,Child,89.22,90.137,0.917,robot,Child gaze:robot
104,Child gaze,Child,90.154,91.418,1.264,props,Child gaze:props
105,Child gaze,Child,91.418,100.82300000000001,9.405,robot,Child gaze:robot
106,Child gaze,Child,100.84700000000001,103.58500000000001,2.738,props,Child gaze:props
107,Child gaze,Child,103.59700000000001,104.13300000000001,0.536,robot,Child gaze:robot
108,Child gaze,Child,104.15100000000001,104.38900000000001,0.238,props,Child gaze:props
109,Child gaze,Child,104.40100000000001,105.342,0.941,robot,Child gaze:robot
110,Child gaze,Child,105.356,106.856,1.5,parent,Child gaze:parent
111,Child gaze,Child,106.892,109.44,2.548,robot,Child gaze:robot
112,Child gaze,Child,109.44,111.095,1.655,parent,Child gaze:parent
113,Child gaze,Child,111.101,111.232,0.131,props,Child gaze:props
114,Child gaze,Child,111.238,111.583,0.345,robot,Child gaze:robot
115,Child gaze,Child,112.791,114.422,1.631,props,Child gaze:props
116,Child gaze,Child,114.428,118.178,3.75,robot,Child gaze:robot
117,Child gaze,Child,118.196,119.333,1.137,props,Child gaze:props
118,Child gaze,Child,119.333,120.16,0.827,robot,Child gaze:robot
119,Child gaze,Child,120.16,121.315,1.155,props,Child gaze:props
120,Child gaze,Child,121.333,121.999,0.666,robot,Child gaze:robot
121,Child gaze,Child,122.0,122.69,0.69,parent,Child gaze:parent
122,Child gaze,Child,122.714,129.262,6.548,robot,Child gaze:robot
123,Child gaze,Child,129.273,132.344,3.071,props,Child gaze:props
124,Child gaze,Child,132.356,133.023,0.667,robot,Child gaze:robot
125,Child gaze,Child,133.023,133.713,0.69,parent,Child gaze:parent
126,Child gaze,Child,134.511,137.726,3.215,robot,Child gaze:robot
127,Child gaze,Child,137.726,139.785,2.059,props,Child gaze:props
128,Child gaze,Child,139.785,140.428,0.643,robot,Child gaze:robot
129,Child gaze,Child,140.44,141.351,0.911,props,Child gaze:props
130,Child gaze,Child,141.351,143.898,2.547,parent,Child gaze:parent
131,Child gaze,Child,143.91,147.101,3.191,robot,Child gaze:robot
132,Child gaze,Child,147.118,147.999,0.881,props,Child gaze:props
133,Child gaze,Child,148.011,149.761,1.75,robot,Child gaze:robot
134,Child gaze,Child,149.779,150.97,1.191,props,Child gaze:props
135,Child gaze,Child,150.982,155.303,4.321,parent,Child gaze:parent
136,Child gaze,Child,155.309,155.428,0.119,robot,Child gaze:robot
137,Child gaze,Child,155.44,156.583,1.143,props,Child gaze:props
138,Child gaze,Child,156.583,157.607,1.024,robot,Child gaze:robot
139,Child gaze,Child,157.607,158.298,0.691,props,Child gaze:props
140,Child gaze,Child,158.321,166.001,7.68,robot,Child gaze:robot
141,Child gaze,Child,166.019,167.852,1.833,props,Child gaze:props
142,Child gaze,Child,167.864,169.376,1.512,robot,Child gaze:robot
143,Child gaze,Child,169.382,174.454,5.072,parent,Child gaze:parent
144,Child gaze,Child,174.466,177.228,2.762,props,Child gaze:props
145,Child gaze,Child,177.24,178.90699999999998,1.667,robot,Child gaze:robot
146,Child gaze,Child,178.90699999999998,179.442,0.535,props,Child gaze:props
147,Child gaze,Child,179.448,182.413,2.965,robot,Child gaze:robot
148,Child gaze,Child,182.43,183.216,0.786,props,Child gaze:props
149,Child gaze,Child,183.228,183.55,0.322,robot,Child gaze:robot
150,Child gaze,Child,183.556,184.199,0.643,props,Child gaze:props
151,Child gaze,Child,184.211,185.276,1.065,robot,Child gaze:robot
152,Child gaze,Child,185.276,187.55,2.274,parent,Child gaze:parent
153,Child gaze,Child,187.556,187.75900000000001,0.203,props,Child gaze:props
154,Child gaze,Child,187.765,189.11,1.345,robot,Child gaze:robot
155,Child gaze,Child,189.128,190.77100000000002,1.643,parent,Child gaze:parent
156,Child gaze,Child,190.783,193.812,3.029,robot,Child gaze:robot
157,Child gaze,Child,193.812,197.086,3.274,props,Child gaze:props
158,Child gaze,Child,197.09199999999998,198.473,1.381,robot,Child gaze:robot
159,Child gaze,Child,198.497,201.782,3.285,props,Child gaze:props
160,Child gaze,Child,201.794,204.78300000000002,2.989,robot,Child gaze:robot
161,Child gaze,Child,204.785,212.666,7.881,props,Child gaze:props
162,Child gaze,Child,212.797,214.511,1.714,robot,Child gaze:robot
163,Child gaze,Child,214.535,215.702,1.167,props,Child gaze:props
164,Child gaze,Child,215.714,216.499,0.785,parent,Child gaze:parent
165,Child gaze,Child,216.523,217.678,1.155,robot,Child gaze:robot
166,Child gaze,Child,217.708,223.883,6.175,props,Child gaze:props
167,Child gaze,Child,223.883,229.139,5.256,robot,Child gaze:robot
168,Child gaze,Child,229.162,231.534,2.372,props,Child gaze:props
169,Child gaze,Child,231.534,233.208,1.674,robot,Child gaze:robot
170,Child gaze,Child,235.55700000000002,236.824,1.267,robot,Child gaze:robot
171,Child gaze,Child,236.824,237.196,0.372,props,Child gaze:props
172,Child gaze,Child,237.219,238.266,1.047,robot,Child gaze:robot
173,Child gaze,Child,238.3,239.55599999999998,1.256,props,Child gaze:props
174,Child gaze,Child,239.579,240.556,0.977,parent,Child gaze:parent
175,Child gaze,Child,240.578,241.52,0.942,props,Child gaze:props
176,Child gaze,Child,241.52,244.287,2.767,robot,Child gaze:robot
177,Child gaze,Child,244.345,246.531,2.186,props,Child gaze:props
178,Child gaze,Child,246.554,249.554,3.0,robot,Child gaze:robot
179,Child gaze,Child,252.077,252.565,0.488,robot,Child gaze:robot
180,Child gaze,Child,252.577,255.088,2.511,props,Child gaze:props
181,Child gaze,Child,255.088,255.902,0.814,parent,Child gaze:parent
182,Child gaze,Child,255.913,256.797,0.884,props,Child gaze:props
183,Child gaze,Child,256.797,260.541,3.744,robot,Child gaze:robot
184,Child gaze,Child,260.576,262.122,1.546,props,Child gaze:props
185,Child gaze,Child,262.122,262.983,0.861,parent,Child gaze:parent
186,Child gaze,Child,262.994,264.994,2.0,props,Child gaze:props
187,Child gaze,Child,265.017,269.04,4.023,robot,Child gaze:robot
188,Child gaze,Child,269.04,272.48199999999997,3.442,props,Child gaze:props
189,Child gaze,Child,274.063,279.43399999999997,5.371,robot,Child gaze:robot
190,Child gaze,Child,279.43399999999997,281.14300000000003,1.709,parent,Child gaze:parent
191,Child gaze,Child,281.14300000000003,282.259,1.116,robot,Child gaze:robot
192,Child gaze,Child,282.305,283.05,0.745,props,Child gaze:props
193,Child gaze,Child,284.305,296.351,12.046,robot,Child gaze:robot
194,Child gaze,Child,296.351,297.77,1.419,props,Child gaze:props
195,Child gaze,Child,297.804,301.629,3.825,robot,Child gaze:robot
196,Child gaze,Child,301.629,304.279,2.65,props,Child gaze:props
197,Child gaze,Child,304.279,306.21,1.931,robot,Child gaze:robot
198,Child gaze,Child,308.29,309.523,1.233,props,Child gaze:props
199,Child gaze,Child,309.557,310.766,1.209,parent,Child gaze:parent
200,Child gaze,Child,310.789,311.533,0.744,robot,Child gaze:robot
201,Child gaze,Child,311.556,313.253,1.697,props,Child gaze:props
202,Child gaze,Child,313.253,314.089,0.836,robot,Child gaze:robot
203,Child gaze,Child,314.089,316.741,2.652,props,Child gaze:props
204,Child gaze,Child,316.764,319.903,3.139,robot,Child gaze:robot
205,Child gaze,Child,319.914,320.961,1.047,props,Child gaze:props
206,Child gaze,Child,320.972,324.623,3.651,robot,Child gaze:robot
207,Child gaze,Child,329.51800000000003,339.098,9.58,robot,Child gaze:robot
208,Child gaze,Child,339.099,342.68,3.581,props,Child gaze:props
209,Child gaze,Child,342.703,346.54,3.837,robot,Child gaze:robot
210,Child gaze,Child,346.574,351.224,4.65,props,Child gaze:props
211,Child gaze,Child,351.224,356.421,5.197,robot,Child gaze:robot
212,Child gaze,Child,356.421,357.049,0.628,props,Child gaze:props
213,Child gaze,Child,357.10699999999997,358.014,0.907,robot,Child gaze:robot
214,Child gaze,Child,358.025,359.351,1.326,parent,Child gaze:parent
215,Child gaze,Child,359.385,362.338,2.953,robot,Child gaze:robot
216,Child gaze,Child,362.338,363.85,1.512,props,Child gaze:props
217,Child gaze,Child,363.885,365.28,1.395,robot,Child gaze:robot
218,Child gaze,Child,365.303,367.721,2.418,props,Child gaze:props
219,Child gaze,Child,367.744,370.047,2.303,parent,Child gaze:parent
220,Child gaze,Child,370.058,372.29,2.232,robot,Child gaze:robot
221,Child gaze,Child,372.29,373.918,1.628,props,Child gaze:props
222,Child gaze,Child,373.964,382.615,8.651,robot,Child gaze:robot
223,Child gaze,Child,382.638,384.01,1.372,props,Child gaze:props
224,Child gaze,Child,384.021,390.51,6.489,robot,Child gaze:robot
225,Child gaze,Child,390.521,391.823,1.302,props,Child gaze:props
226,Child gaze,Child,391.846,392.614,0.768,robot,Child gaze:robot
227,Child gaze,Child,392.648,394.648,2.0,parent,Child gaze:parent
228,Child gaze,Child,394.671,398.462,3.791,props,Child gaze:props
229,Child gaze,Child,398.473,404.961,6.488,robot,Child gaze:robot
230,Child gaze,Child,404.973,407.216,2.243,props,Child gaze:props
231,Child gaze,Child,407.216,408.402,1.186,robot,Child gaze:robot
232,Child gaze,Child,408.413,410.692,2.279,parent,Child gaze:parent
233,Child gaze,Child,410.692,412.692,2.0,robot,Child gaze:robot
234,Child gaze,Child,412.71500000000003,413.737,1.022,parent,Child gaze:parent
235,Child gaze,Child,413.737,416.655,2.918,robot,Child gaze:robot
236,Child gaze,Child,416.655,418.05,1.395,parent,Child gaze:parent
237,Child gaze,Child,418.05,418.423,0.373,props,Child gaze:props
238,Child gaze,Child,418.445,431.095,12.65,robot,Child gaze:robot
239,Child gaze,Child,431.095,432.328,1.233,props,Child gaze:props
240,Child gaze,Child,432.362,434.874,2.512,parent,Child gaze:parent
241,Child gaze,Child,434.874,439.943,5.069,props,Child gaze:props
242,Child gaze,Child,439.943,440.26800000000003,0.325,robot,Child gaze:robot
243,Child gaze,Child,440.26800000000003,441.419,1.151,parent,Child gaze:parent
244,Child gaze,Child,441.419,442.117,0.698,robot,Child gaze:robot
245,Child gaze,Child,442.14,446.256,4.116,props,Child gaze:props
246,Child gaze,Child,446.26800000000003,447.57,1.302,robot,Child gaze:robot
247,Child gaze,Child,447.779,450.267,2.488,parent,Child gaze:parent
248,Child gaze,Child,450.267,453.73199999999997,3.465,props,Child gaze:props
249,Child gaze,Child,464.836,474.545,9.709,props,Child gaze:props
250,Child gaze,Child,474.545,475.428,0.883,robot,Child gaze:robot
251,Child gaze,Child,475.474,476.428,0.954,parent,Child gaze:parent
252,Child gaze,Child,476.439,479.218,2.779,robot,Child gaze:robot
253,Child gaze,Child,479.218,480.194,0.976,props,Child gaze:props
254,Child gaze,Child,480.241,480.799,0.558,parent,Child gaze:parent
255,Child gaze,Child,480.799,481.217,0.418,props,Child gaze:props
256,Child gaze,Child,481.24,482.077,0.837,robot,Child gaze:robot
257,Child gaze,Child,482.077,484.379,2.302,props,Child gaze:props
258,Child gaze,Child,484.379,485.379,1.0,robot,Child gaze:robot
259,Child gaze,Child,485.39,487.251,1.861,props,Child gaze:props
260,Child gaze,Child,487.297,488.878,1.581,robot,Child gaze:robot
261,Child gaze,Child,488.901,489.854,0.953,parent,Child gaze:parent
262,Child gesture,Child,10.681,12.045,1.364,point at prop,Child gesture:point at prop
263,Child gesture,Child,14.545,16.09,1.545,point at prop,Child gesture:point at prop
264,Child gesture,Child,102.181,103.545,1.364,point at prop,Child gesture:point at prop
265,Child gesture,Child,109.27199999999999,110.5,1.228,point at prop,Child gesture:point at prop
266,Child gesture,Child,149.45499999999998,152.637,3.182,point at prop,Child gesture:point at prop
267,Child gesture,Child,155.228,157.5,2.272,point at prop,Child gesture:point at prop
268,Child gesture,Child,176.227,177.909,1.682,point at prop,Child gesture:point at prop
269,Child gesture,Child,199.25,200.477,1.227,point at prop,Child gesture:point at prop
270,Child gesture,Child,212.04500000000002,213.317,1.272,point at prop,Child gesture:point at prop
271,Child gesture,Child,214.363,217.04500000000002,2.682,point at prop,Child gesture:point at prop
272,Child gesture,Child,238.56799999999998,240.204,1.636,point at prop,Child gesture:point at prop
273,Child gesture,Child,253.862,257.271,3.409,point at prop,Child gesture:point at prop
274,Child gesture,Child,294.5,296.045,1.545,point at prop,Child gesture:point at prop
275,Child gesture,Child,308.454,310.363,1.909,point at prop,Child gesture:point at prop
276,Child gesture,Child,311.09,312.999,1.909,point at prop,Child gesture:point at prop
277,Child gesture,Child,314.18,315.453,1.273,point at prop,Child gesture:point at prop
278,Child gesture,Child,362.999,364.953,1.954,point at prop,Child gesture:point at prop
279,Child gesture,Child,365.203,368.112,2.909,point at prop,Child gesture:point at prop
280,Child gesture,Child,394.954,396.59000000000003,1.636,point at prop,Child gesture:point at prop
281,Child gesture,Child,416.636,417.59000000000003,0.954,point at prop,Child gesture:point at prop
282,Child gesture,Child,431.931,433.386,1.455,point at prop,Child gesture:point at prop
283,Child gesture,Child,434.794,436.749,1.955,point at prop,Child gesture:point at prop
284,Child gesture,Child,437.225,438.498,1.273,point at prop,Child gesture:point at prop
285,Child gesture,Child,443.679,444.815,1.136,point at prop,Child gesture:point at prop
286,Child gesture,Child,465.244,468.016,2.772,point at prop,Child gesture:point at prop
287,Child gesture,Child,468.039,468.903,0.864,point at prop,Child gesture:point at prop
288,Child gesture,Child,469.198,471.744,2.546,point at prop,Child gesture:point at prop
289,Child gesture,Child,472.38,473.38,1.0,point at prop,Child gesture:point at prop
290,Child gesture,Child,479.425,480.789,1.364,point at prop,Child gesture:point at prop
291,Parent utterance,Parent,12.32,12.92,0.6,utterance,Parent utterance:utterance
292,Parent utterance,Parent,15.475,15.479,0.004,utterance,Parent utterance:utterance
293,Parent utterance,Parent,15.479,20.149,4.67,utterance,Parent utterance:utterance
294,Parent utterance,Parent,20.639,21.739,1.1,utterance,Parent utterance:utterance
295,Parent utterance,Parent,63.394,64.194,0.8,utterance,Parent utterance:utterance
296,Parent utterance,Parent,98.929,98.939,0.01,utterance,Parent utterance:utterance
297,Parent utterance,Parent,98.939,101.739,2.8,utterance,Parent utterance:utterance
298,Parent utterance,Parent,103.319,104.37899999999999,1.06,utterance,Parent utterance:utterance
299,Parent utterance,Parent,108.88,110.14,1.26,missing data,Parent utterance:missing data
300,Parent utterance,Parent,117.03,117.74000000000001,0.71,utterance,Parent utterance:utterance
301,Parent utterance,Parent,122.051,123.821,1.77,missing data,Parent utterance:missing data
302,Parent utterance,Parent,132.301,133.641,1.34,utterance,Parent utterance:utterance
303,Parent utterance,Parent,137.27100000000002,138.101,0.83,utterance,Parent utterance:utterance
304,Parent utterance,Parent,151.841,153.011,1.17,utterance,Parent utterance:utterance
305,Parent utterance,Parent,154.226,156.256,2.03,utterance,Parent utterance:utterance
306,Parent utterance,Parent,156.721,157.981,1.26,utterance,Parent utterance:utterance
307,Parent utterance,Parent,170.565,171.395,0.83,utterance,Parent utterance:utterance
308,Parent utterance,Parent,171.82,173.41,1.59,utterance,Parent utterance:utterance
309,Parent utterance,Parent,175.28,176.61,1.33,utterance,Parent utterance:utterance
310,Parent utterance,Parent,178.07999999999998,179.09,1.01,utterance,Parent utterance:utterance
311,Parent utterance,Parent,190.64,191.18,0.54,utterance,Parent utterance:utterance
312,Parent utterance,Parent,194.97,197.76,2.79,utterance,Parent utterance:utterance
313,Parent utterance,Parent,197.76,198.91,1.15,utterance,Parent utterance:utterance
314,Parent utterance,Parent,199.675,200.945,1.27,utterance,Parent utterance:utterance
315,Parent utterance,Parent,206.305,207.475,1.17,utterance,Parent utterance:utterance
316,Parent utterance,Parent,217.595,218.405,0.81,utterance,Parent utterance:utterance
317,Parent utterance,Parent,218.56,220.02,1.46,utterance,Parent utterance:utterance
318,Parent utterance,Parent,220.525,221.015,0.49,utterance,Parent utterance:utterance
319,Parent utterance,Parent,225.015,225.865,0.85,utterance,Parent utterance:utterance
320,Parent utterance,Parent,239.7,240.23,0.53,utterance,Parent utterance:utterance
321,Parent utterance,Parent,264.84,265.92,1.08,utterance,Parent utterance:utterance
322,Parent utterance,Parent,268.23,269.33,1.1,utterance,Parent utterance:utterance
323,Parent utterance,Parent,280.895,282.045,1.15,utterance,Parent utterance:utterance
324,Parent utterance,Parent,295.69,296.61,0.92,utterance,Parent utterance:utterance
325,Parent utterance,Parent,297.77,298.64,0.87,utterance,Parent utterance:utterance
326,Parent utterance,Parent,305.255,306.075,0.82,utterance,Parent utterance:utterance
327,Parent utterance,Parent,306.695,308.065,1.37,utterance,Parent utterance:utterance
328,Parent utterance,Parent,310.16,310.92,0.76,utterance,Parent utterance:utterance
329,Parent utterance,Parent,312.985,313.565,0.58,utterance,Parent utterance:utterance
330,Parent utterance,Parent,314.72,315.2,0.48,utterance,Parent utterance:utterance
331,Parent utterance,Parent,315.24,316.0,0.76,utterance,Parent utterance:utterance
332,Parent utterance,Parent,318.14,318.63,0.49,other vocalization,Parent utterance:other vocalization
333,Parent utterance,Parent,318.685,319.965,1.28,utterance,Parent utterance:utterance
334,Parent utterance,Parent,326.215,326.665,0.45,missing data,Parent utterance:missing data
335,Parent utterance,Parent,327.61,328.13,0.52,missing data,Parent utterance:missing data
336,Parent utterance,Parent,329.26,330.43,1.17,missing data,Parent utterance:missing data
337,Parent utterance,Parent,331.385,332.335,0.95,missing data,Parent utterance:missing data
338,Parent utterance,Parent,338.03,339.83,1.8,utterance,Parent utterance:utterance
339,Parent utterance,Parent,354.48,355.51,1.03,not sure,Parent utterance:not sure
340,Parent utterance,Parent,359.735,362.985,3.25,utterance,Parent utterance:utterance
341,Parent utterance,Parent,363.95,364.72,0.77,utterance,Parent utterance:utterance
342,Parent utterance,Parent,365.79,366.335,0.545,utterance,Parent utterance:utterance
343,Parent utterance,Parent,366.335,367.875,1.54,utterance,Parent utterance:utterance
344,Parent utterance,Parent,373.505,374.185,0.68,utterance,Parent utterance:utterance
345,Parent utterance,Parent,374.46,375.21,0.75,utterance,Parent utterance:utterance
346,Parent utterance,Parent,386.355,388.175,1.82,utterance,Parent utterance:utterance
347,Parent utterance,Parent,388.94,392.28,3.34,utterance,Parent utterance:utterance
348,Parent utterance,Parent,393.525,394.425,0.9,utterance,Parent utterance:utterance
349,Parent utterance,Parent,397.13,397.73,0.6,utterance,Parent utterance:utterance
350,Parent utterance,Parent,408.752,409.302,0.55,utterance,Parent utterance:utterance
351,Parent utterance,Parent,413.447,414.047,0.6,utterance,Parent utterance:utterance
352,Parent utterance,Parent,414.047,416.457,2.41,utterance,Parent utterance:utterance
353,Parent utterance,Parent,417.347,418.047,0.7,utterance,Parent utterance:utterance
354,Parent utterance,Parent,426.587,427.577,0.99,utterance,Parent utterance:utterance
355,Parent utterance,Parent,428.412,430.342,1.93,utterance,Parent utterance:utterance
356,Parent utterance,Parent,433.087,434.35699999999997,1.27,utterance,Parent utterance:utterance
357,Parent utterance,Parent,435.492,436.222,0.73,utterance,Parent utterance:utterance
358,Parent utterance,Parent,443.985,444.865,0.88,utterance,Parent utterance:utterance
359,Parent utterance,Parent,447.9,449.92,2.02,utterance,Parent utterance:utterance
360,Parent utterance,Parent,449.985,451.205,1.22,other vocalization,Parent utterance:other vocalization
361,Parent utterance,Parent,463.34000000000003,464.21,0.87,other vocalization,Parent utterance:other vocalization
362,Parent utterance,Parent,466.425,466.895,0.47,utterance,Parent utterance:utterance
363,Parent utterance,Parent,469.03,470.0,0.97,utterance,Parent utterance:utterance
364,Parent utterance,Parent,471.18,472.65999999999997,1.48,utterance,Parent utterance:utterance
365,Parent utterance,Parent,478.145,479.145,1.0,utterance,Parent utterance:utterance
366,Parent utterance,Parent,480.22,480.7,0.48,utterance,Parent utterance:utterance
367,Parent utterance,Parent,490.09,490.81,0.72,utterance,Parent utterance:utterance
368,Verbal scaffolding,Parent,98.555,103.11099999999999,4.556,instruction translation,Verbal scaffolding:instruction translation
369,Verbal scaffolding,Parent,103.88900000000001,105.27799999999999,1.389,cognitive,Verbal scaffolding:cognitive
370,Verbal scaffolding,Parent,115.083,118.583,3.5,cognitive,Verbal scaffolding:cognitive
371,Verbal scaffolding,Parent,136.5,138.666,2.166,affective,Verbal scaffolding:affective
372,Verbal scaffolding,Parent,151.139,154.139,3.0,cognitive,Verbal scaffolding:cognitive
373,Verbal scaffolding,Parent,155.139,157.75,2.611,cognitive,Verbal scaffolding:cognitive
374,Verbal scaffolding,Parent,170.434,171.48,1.046,instruction translation,Verbal scaffolding:instruction translation
375,Verbal scaffolding,Parent,171.797,173.56900000000002,1.772,instruction translation,Verbal scaffolding:instruction translation
376,Verbal scaffolding,Parent,194.91,197.819,2.909,cognitive,Verbal scaffolding:cognitive
377,Verbal scaffolding,Parent,197.88,199.017,1.137,cognitive,Verbal scaffolding:cognitive
378,Verbal scaffolding,Parent,206.344,207.39,1.046,instruction translation,Verbal scaffolding:instruction translation
379,Verbal scaffolding,Parent,217.5,218.409,0.909,cognitive,Verbal scaffolding:cognitive
380,Verbal scaffolding,Parent,218.499,220.09,1.591,instruction translation,Verbal scaffolding:instruction translation
381,Verbal scaffolding,Parent,220.406,221.133,0.727,cognitive,Verbal scaffolding:cognitive
382,Verbal scaffolding,Parent,225.076,225.94,0.864,affective,Verbal scaffolding:affective
383,Verbal scaffolding,Parent,239.647,240.328,0.681,cognitive,Verbal scaffolding:cognitive
384,Verbal scaffolding,Parent,264.743,266.016,1.273,affective,Verbal scaffolding:affective
385,Verbal scaffolding,Parent,268.151,269.515,1.364,instruction translation,Verbal scaffolding:instruction translation
386,Verbal scaffolding,Parent,305.21,306.256,1.046,cognitive,Verbal scaffolding:cognitive
387,Verbal scaffolding,Parent,306.642,308.187,1.545,cognitive,Verbal scaffolding:cognitive
388,Verbal scaffolding,Parent,310.085,311.131,1.046,cognitive,Verbal scaffolding:cognitive
389,Verbal scaffolding,Parent,312.926,313.699,0.773,cognitive,Verbal scaffolding:cognitive
390,Verbal scaffolding,Parent,314.687,316.142,1.455,instruction translation,Verbal scaffolding:instruction translation
391,Verbal scaffolding,Parent,318.596,320.05,1.454,cognitive,Verbal scaffolding:cognitive
392,Verbal scaffolding,Parent,338.045,340.09000000000003,2.045,instruction translation,Verbal scaffolding:instruction translation
393,Verbal scaffolding,Parent,354.409,355.681,1.272,affective,Verbal scaffolding:affective
394,Verbal scaffolding,Parent,359.727,362.908,3.181,instruction translation,Verbal scaffolding:instruction translation
395,Verbal scaffolding,Parent,363.771,364.862,1.091,cognitive,Verbal scaffolding:cognitive
396,Verbal scaffolding,Parent,365.725,368.043,2.318,cognitive,Verbal scaffolding:cognitive
397,Verbal scaffolding,Parent,373.338,374.247,0.909,cognitive,Verbal scaffolding:cognitive
398,Verbal scaffolding,Parent,374.428,375.337,0.909,cognitive,Verbal scaffolding:cognitive
399,Verbal scaffolding,Parent,386.272,388.408,2.136,instruction translation,Verbal scaffolding:instruction translation
400,Verbal scaffolding,Parent,388.84,392.431,3.591,cognitive,Verbal scaffolding:cognitive
401,Verbal scaffolding,Parent,393.362,394.635,1.273,cognitive,Verbal scaffolding:cognitive
402,Verbal scaffolding,Parent,397.089,397.952,0.863,cognitive,Verbal scaffolding:cognitive
403,Verbal scaffolding,Parent,413.999,416.681,2.682,instruction translation,Verbal scaffolding:instruction translation
404,Verbal scaffolding,Parent,417.363,418.181,0.818,cognitive,Verbal scaffolding:cognitive
405,Verbal scaffolding,Parent,426.431,427.612,1.181,cognitive,Verbal scaffolding:cognitive
406,Verbal scaffolding,Parent,428.43,430.475,2.045,cognitive,Verbal scaffolding:cognitive
407,Verbal scaffolding,Parent,433.088,434.452,1.364,cognitive,Verbal scaffolding:cognitive
408,Verbal scaffolding,Parent,435.452,436.361,0.909,cognitive,Verbal scaffolding:cognitive
409,Verbal scaffolding,Parent,443.817,445.045,1.228,cognitive,Verbal scaffolding:cognitive
410,Verbal scaffolding,Parent,449.84,451.431,1.591,affective,Verbal scaffolding:affective
411,Verbal scaffolding,Parent,463.271,464.317,1.046,instruction translation,Verbal scaffolding:instruction translation
412,Verbal scaffolding,Parent,466.385,467.112,0.727,cognitive,Verbal scaffolding:cognitive
413,Verbal scaffolding,Parent,469.111,470.202,1.091,cognitive,Verbal scaffolding:cognitive
414,Verbal scaffolding,Parent,471.156,472.747,1.591,cognitive,Verbal scaffolding:cognitive
415,Verbal scaffolding,Parent,478.087,479.269,1.182,cognitive,Verbal scaffolding:cognitive
416,Verbal scaffolding,Parent,480.132,480.86,0.728,cognitive,Verbal scaffolding:cognitive
417,Parent gaze,Parent,6.232,8.465,2.233,robot,Parent gaze:robot
418,Parent gaze,Parent,8.465,10.046,1.581,child,Parent gaze:child
419,Parent gaze,Parent,10.046,11.86,1.814,robot,Parent gaze:robot
420,Parent gaze,Parent,11.86,13.883,2.023,child,Parent gaze:child
421,Parent gaze,Parent,13.883,14.558,0.675,robot,Parent gaze:robot
422,Parent gaze,Parent,14.569,15.104,0.535,props,Parent gaze:props
423,Parent gaze,Parent,15.115,16.137,1.022,robot,Parent gaze:robot
424,Parent gaze,Parent,16.137,16.649,0.512,child,Parent gaze:child
425,Parent gaze,Parent,17.974,20.277,2.303,robot,Parent gaze:robot
426,Parent gaze,Parent,20.381,21.288,0.907,child,Parent gaze:child
427,Parent gaze,Parent,21.345,31.217,9.872,robot,Parent gaze:robot
428,Parent gaze,Parent,31.217,32.287,1.07,child,Parent gaze:child
429,Parent gaze,Parent,32.31,33.752,1.442,robot,Parent gaze:robot
430,Parent gaze,Parent,33.845,35.101,1.256,child,Parent gaze:child
431,Parent gaze,Parent,35.11,62.277,27.167,robot or prop,Parent gaze:robot or prop
432,Parent gaze,Parent,62.304,65.693,3.389,child,Parent gaze:child
433,Parent gaze,Parent,65.887,85.887,20.0,robot or prop,Parent gaze:robot or prop
434,Parent gaze,Parent,85.888,86.776,0.888,child,Parent gaze:child
435,Parent gaze,Parent,86.776,95.777,9.001,robot or prop,Parent gaze:robot or prop
436,Parent gaze,Parent,95.832,107.554,11.722,child,Parent gaze:child
437,Parent gaze,Parent,107.582,109.02600000000001,1.444,robot,Parent gaze:robot
438,Parent gaze,Parent,111.86,116.582,4.722,robot or prop,Parent gaze:robot or prop
439,Parent gaze,Parent,116.721,118.666,1.945,child,Parent gaze:child
440,Parent gaze,Parent,118.693,121.915,3.222,robot or prop,Parent gaze:robot or prop
441,Parent gaze,Parent,125.082,126.36,1.278,robot or prop,Parent gaze:robot or prop
442,Parent gaze,Parent,128.443,135.721,7.278,robot or prop,Parent gaze:robot or prop
443,Parent gaze,Parent,135.749,139.638,3.889,child,Parent gaze:child
444,Parent gaze,Parent,139.804,141.748,1.944,robot or prop,Parent gaze:robot or prop
445,Parent gaze,Parent,141.748,143.692,1.944,child,Parent gaze:child
446,Parent gaze,Parent,143.72,148.942,5.222,robot or prop,Parent gaze:robot or prop
447,Parent gaze,Parent,148.942,150.776,1.834,child,Parent gaze:child
448,Parent gaze,Parent,150.803,151.304,0.501,robot or prop,Parent gaze:robot or prop
449,Parent gaze,Parent,151.386,156.58100000000002,5.195,child,Parent gaze:child
450,Parent gaze,Parent,156.58100000000002,157.747,1.166,props,Parent gaze:props
451,Parent gaze,Parent,157.83100000000002,158.609,0.778,child,Parent gaze:child
452,Parent gaze,Parent,158.609,168.887,10.278,robot or prop,Parent gaze:robot or prop
453,Parent gaze,Parent,168.915,177.415,8.5,child,Parent gaze:child
454,Parent gaze,Parent,177.554,178.276,0.722,robot or prop,Parent gaze:robot or prop
455,Parent gaze,Parent,178.304,179.471,1.167,child,Parent gaze:child
456,Parent gaze,Parent,179.554,188.332,8.778,robot or prop,Parent gaze:robot or prop
457,Parent gaze,Parent,188.388,195.165,6.777,child,Parent gaze:child
458,Parent gaze,Parent,195.221,196.387,1.166,props,Parent gaze:props
459,Parent gaze,Parent,196.415,200.249,3.834,child,Parent gaze:child
460,Parent gaze,Parent,200.277,202.388,2.111,props,Parent gaze:props
461,Parent gaze,Parent,202.388,205.165,2.777,robot,Parent gaze:robot
462,Parent gaze,Parent,205.221,205.832,0.611,props,Parent gaze:props
463,Parent gaze,Parent,205.859,206.971,1.112,child,Parent gaze:child
464,Parent gaze,Parent,206.971,207.804,0.833,props,Parent gaze:props
465,Parent gaze,Parent,207.887,208.331,0.444,child,Parent gaze:child
466,Parent gaze,Parent,208.331,212.414,4.083,props,Parent gaze:props
467,Parent gaze,Parent,212.414,214.636,2.222,robot,Parent gaze:robot
468,Parent gaze,Parent,216.636,217.747,1.111,robot,Parent gaze:robot
469,Parent gaze,Parent,217.802,218.524,0.722,props,Parent gaze:props
470,Parent gaze,Parent,218.607,219.608,1.001,child,Parent gaze:child
471,Parent gaze,Parent,219.71800000000002,222.774,3.056,props,Parent gaze:props
472,Parent gaze,Parent,222.802,223.857,1.055,robot,Parent gaze:robot
473,Parent gaze,Parent,223.94,226.412,2.472,robot or prop,Parent gaze:robot or prop
474,Parent gaze,Parent,226.412,227.912,1.5,robot,Parent gaze:robot
475,Parent gaze,Parent,227.912,231.19,3.278,props,Parent gaze:props
476,Parent gaze,Parent,231.273,239.21800000000002,7.945,robot or prop,Parent gaze:robot or prop
477,Parent gaze,Parent,239.245,241.412,2.167,child,Parent gaze:child
478,Parent gaze,Parent,241.439,241.689,0.25,props,Parent gaze:props
479,Parent gaze,Parent,241.689,246.911,5.222,robot or prop,Parent gaze:robot or prop
480,Parent gaze,Parent,246.967,250.078,3.111,child,Parent gaze:child
481,Parent gaze,Parent,250.078,267.355,17.277,robot or prop,Parent gaze:robot or prop
482,Parent gaze,Parent,267.383,271.049,3.666,child,Parent gaze:child
483,Parent gaze,Parent,271.105,276.438,5.333,robot or prop,Parent gaze:robot or prop
484,Parent gaze,Parent,276.438,297.937,21.499,child,Parent gaze:child
485,Parent gaze,Parent,297.937,304.631,6.694,robot or prop,Parent gaze:robot or prop
486,Parent gaze,Parent,304.631,309.826,5.195,child,Parent gaze:child
487,Parent gaze,Parent,309.826,310.159,0.333,robot or prop,Parent gaze:robot or prop
488,Parent gaze,Parent,310.159,316.27,6.111,child,Parent gaze:child
489,Parent gaze,Parent,316.27,322.103,5.833,robot or prop,Parent gaze:robot or prop
490,Parent gaze,Parent,322.103,323.381,1.278,child,Parent gaze:child
491,Parent gaze,Parent,330.853,335.853,5.0,robot or prop,Parent gaze:robot or prop
492,Parent gaze,Parent,335.964,341.131,5.167,child,Parent gaze:child
493,Parent gaze,Parent,341.269,343.936,2.667,robot or prop,Parent gaze:robot or prop
494,Parent gaze,Parent,344.047,344.991,0.944,child,Parent gaze:child
495,Parent gaze,Parent,345.019,352.186,7.167,robot or prop,Parent gaze:robot or prop
496,Parent gaze,Parent,352.213,353.769,1.556,child,Parent gaze:child
497,Parent gaze,Parent,353.88,354.269,0.389,robot or prop,Parent gaze:robot or prop
498,Parent gaze,Parent,354.296,356.13,1.834,child,Parent gaze:child
499,Parent gaze,Parent,356.213,357.213,1.0,robot or prop,Parent gaze:robot or prop
500,Parent gaze,Parent,357.269,365.935,8.666,child,Parent gaze:child
501,Parent gaze,Parent,365.991,367.796,1.805,robot or prop,Parent gaze:robot or prop
502,Parent gaze,Parent,367.796,370.352,2.556,child,Parent gaze:child
503,Parent gaze,Parent,370.407,373.185,2.778,robot or prop,Parent gaze:robot or prop
504,Parent gaze,Parent,373.407,376.407,3.0,child,Parent gaze:child
505,Parent gaze,Parent,376.629,380.407,3.778,robot or prop,Parent gaze:robot or prop
506,Parent gaze,Parent,380.51800000000003,383.185,2.667,child,Parent gaze:child
507,Parent gaze,Parent,383.296,386.129,2.833,robot or prop,Parent gaze:robot or prop
508,Parent gaze,Parent,386.212,399.185,12.973,child,Parent gaze:child
509,Parent gaze,Parent,399.185,408.351,9.166,robot or prop,Parent gaze:robot or prop
510,Parent gaze,Parent,408.379,416.712,8.333,child,Parent gaze:child
511,Parent gaze,Parent,416.712,426.629,9.917,robot or prop,Parent gaze:robot or prop
512,Parent gaze,Parent,426.629,432.351,5.722,child,Parent gaze:child
513,Parent gaze,Parent,432.379,433.657,1.278,robot or prop,Parent gaze:robot or prop
514,Parent gaze,Parent,433.685,434.51800000000003,0.833,child,Parent gaze:child
515,Parent gaze,Parent,434.601,439.01800000000003,4.417,props,Parent gaze:props
516,Parent gaze,Parent,439.01800000000003,442.184,3.166,child,Parent gaze:child
517,Parent gaze,Parent,442.323,463.017,20.694,robot or prop,Parent gaze:robot or prop
518,Parent gaze,Parent,463.017,465.351,2.334,child,Parent gaze:child
519,Parent gaze,Parent,465.431,472.875,7.444,robot or prop,Parent gaze:robot or prop
520,Parent gaze,Parent,472.931,475.709,2.778,child,Parent gaze:child
521,Parent gaze,Parent,475.709,478.098,2.389,robot or prop,Parent gaze:robot or prop
522,Parent gaze,Parent,478.125,479.514,1.389,child,Parent gaze:child
523,Parent gaze,Parent,479.597,487.819,8.222,robot or prop,Parent gaze:robot or prop
524,Parent gesture,Parent,129.749,130.658,0.909,point at prop,Parent gesture:point at prop
525,Parent gesture,Parent,195.21,197.256,2.046,point at prop,Parent gesture:point at prop
526,Parent gesture,Parent,217.551,219.142,1.591,point at prop,Parent gesture:point at prop
527,Parent gesture,Parent,397.486,398.122,0.636,point at prop,Parent gesture:point at prop
528,Child prop manipulation,Child,131.138,139.749,8.611,child,Child prop manipulation:child
529,Child prop manipulation,Child,179.498,186.165,6.667,child,Child prop manipulation:child
530,Child prop manipulation,Child,200.721,209.721,9.0,child,Child prop manipulation:child
531,Child prop manipulation,Child,220.777,228.94299999999998,8.166,child,Child prop manipulation:child
532,Child prop manipulation,Child,240.999,245.777,4.778,child,Child prop manipulation:child
533,Child prop manipulation,Child,262.944,272.499,9.555,child,Child prop manipulation:child
534,Child prop manipulation,Child,297.777,302.888,5.111,child,Child prop manipulation:child
535,Child prop manipulation,Child,316.332,319.777,3.445,child,Child prop manipulation:child
536,Child prop manipulation,Child,399.055,406.166,7.111,child,Child prop manipulation:child
537,Child prop manipulation,Child,418.11,424.11,6.0,child,Child prop manipulation:child
538,Child prop manipulation,Child,444.943,451.83,6.887,child,Child prop manipulation:child
539,Child prop manipulation,Child,480.776,487.498,6.722,child,Child prop manipulation:child
540,Parent prop manipulation,Parent,113.777,119.055,5.278,parent,Parent prop manipulation:parent
541,Parent prop manipulation,Parent,158.44299999999998,167.33100000000002,8.888,parent,Parent prop manipulation:parent
542,Parent prop manipulation,Parent,209.777,211.888,2.111,parent,Parent prop manipulation:parent
543,Parent prop manipulation,Parent,228.305,231.027,2.722,parent,Parent prop manipulation:parent
544,Parent prop manipulation,Parent,341.0,350.611,9.611,parent,Parent prop manipulation:parent
545,Parent prop manipulation,Parent,372.61,384.221,11.611,parent,Parent prop manipulation:parent
546,robot pointing,robot,29.943,31.943,2.0,point at prop,robot pointing:point at prop
547,robot pointing,robot,39.12,41.12,2.0,point at prop,robot pointing:point at prop
548,robot pointing,robot,51.74,52.96,1.22,point at prop,robot pointing:point at prop
549,robot pointing,robot,60.54,62.4,1.86,point at prop,robot pointing:point at prop
550,robot pointing,robot,88.94,91.08,2.14,point at prop,robot pointing:point at prop
551,robot pointing,robot,105.56,107.64,2.08,point at prop,robot pointing:point at prop
552,robot pointing,robot,127.94,130.18,2.24,point at prop,robot pointing:point at prop
553,robot pointing,robot,147.8,149.48,1.68,point at prop,robot pointing:point at prop
554,robot pointing,robot,165.12,167.36,2.24,point at prop,robot pointing:point at prop
555,robot pointing,robot,235.38,237.36,1.98,point at prop,robot pointing:point at prop
556,robot pointing,robot,252.1,254.18,2.08,point at prop,robot pointing:point at prop
557,robot pointing,robot,255.29,257.03,1.74,point at prop,robot pointing:point at prop
558,robot pointing,robot,258.03,259.49,1.46,point at prop,robot pointing:point at prop
559,robot pointing,robot,260.23,261.75,1.52,point at prop,robot pointing:point at prop
560,robot pointing,robot,262.48,264.06,1.58,point at prop,robot pointing:point at prop
561,robot text,robot,2.4,3.32,0.92,other,robot text:other
562,robot text,robot,5.36,7.16,1.8,other,robot text:other
563,robot text,robot,8.42,9.88,1.46,other,robot text:other
564,robot text,robot,27.388,69.496,42.108,song,robot text:song
565,robot text,robot,86.332,88.832,2.5,other,robot text:other
566,robot text,robot,89.36,92.082,2.722,teach,robot text:teach
567,robot text,robot,92.388,94.721,2.333,pick up,robot text:pick up
568,robot text,robot,105.221,106.999,1.778,try again,robot text:try again
569,robot text,robot,108.555,111.943,3.388,pick up,robot text:pick up
570,robot text,robot,114.916,117.694,2.778,positive feedback,robot text:positive feedback
571,robot text,robot,118.694,121.527,2.833,put down,robot text:put down
572,robot text,robot,123.388,126.666,3.278,positive feedback,robot text:positive feedback
573,robot text,robot,127.86,130.249,2.389,teach,robot text:teach
574,robot text,robot,130.61,132.943,2.333,pick up,robot text:pick up
575,robot text,robot,135.109,138.276,3.167,positive feedback,robot text:positive feedback
576,robot text,robot,138.859,141.359,2.5,put down,robot text:put down
577,robot text,robot,143.331,146.72,3.389,positive feedback,robot text:positive feedback
578,robot text,robot,147.692,149.914,2.222,teach,robot text:teach
579,robot text,robot,150.248,152.692,2.444,pick up,robot text:pick up
580,robot text,robot,161.055,164.333,3.278,positive feedback,robot text:positive feedback
581,robot text,robot,164.916,167.75,2.834,teach,robot text:teach
582,robot text,robot,168.111,170.889,2.778,pick up,robot text:pick up
583,robot text,robot,181.167,183.667,2.5,teach,robot text:teach
584,robot text,robot,184.333,186.611,2.278,put down,robot text:put down
585,robot text,robot,187.361,190.139,2.778,pick up,robot text:pick up
586,robot text,robot,200.306,202.25,1.944,try again,robot text:try again
587,robot text,robot,204.389,207.445,3.056,put down,robot text:put down
588,robot text,robot,212.917,214.75,1.833,try again,robot text:try again
589,robot text,robot,215.833,218.278,2.445,pick up,robot text:pick up
590,robot text,robot,222.888,225.5,2.612,positive feedback,robot text:positive feedback
591,robot text,robot,226.583,229.25,2.667,put down,robot text:put down
592,robot text,robot,231.138,234.138,3.0,positive feedback,robot text:positive feedback
593,robot text,robot,235.416,237.527,2.111,teach,robot text:teach
594,robot text,robot,237.804,239.86,2.056,pick up,robot text:pick up
595,robot text,robot,242.054,244.943,2.889,positive feedback,robot text:positive feedback
596,robot text,robot,245.776,248.387,2.611,other,robot text:other
597,robot text,robot,248.637,251.192,2.555,other,robot text:other
598,robot text,robot,252.136,254.359,2.223,teach,robot text:teach
599,robot text,robot,255.136,257.358,2.222,teach,robot text:teach
600,robot text,robot,257.803,259.803,2.0,teach,robot text:teach
601,robot text,robot,260.192,262.359,2.167,teach,robot text:teach
602,robot text,robot,262.442,264.886,2.444,teach,robot text:teach
603,robot text,robot,265.997,268.109,2.112,put down,robot text:put down
604,robot text,robot,268.942,270.831,1.889,put down,robot text:put down
605,robot text,robot,273.053,274.775,1.722,try again,robot text:try again
606,robot text,robot,275.97,278.581,2.611,pick up,robot text:pick up
607,robot text,robot,288.777,290.944,2.167,try again,robot text:try again
608,robot text,robot,292.305,294.693,2.388,pick up,robot text:pick up
609,robot text,robot,298.832,301.721,2.889,positive feedback,robot text:positive feedback
610,robot text,robot,302.776,305.165,2.389,pick up,robot text:pick up
611,robot text,robot,316.499,318.221,1.722,try again,robot text:try again
612,robot text,robot,320.249,322.86,2.611,put down,robot text:put down
613,robot text,robot,333.221,335.276,2.055,try again,robot text:try again
614,robot text,robot,336.081,338.637,2.556,pick up,robot text:pick up
615,robot text,robot,343.192,346.026,2.834,positive feedback,robot text:positive feedback
616,robot text,robot,347.109,349.331,2.222,put down,robot text:put down
617,robot text,robot,351.331,354.442,3.111,positive feedback,robot text:positive feedback
618,robot text,robot,355.219,357.664,2.445,pick up,robot text:pick up
619,robot text,robot,368.941,371.108,2.167,try again,robot text:try again
620,robot text,robot,371.802,374.135,2.333,pick up,robot text:pick up
621,robot text,robot,379.135,381.35699999999997,2.222,correction,robot text:correction
622,robot text,robot,382.135,384.468,2.333,put down,robot text:put down
623,robot text,robot,384.579,386.468,1.889,pick up,robot text:pick up
624,robot text,robot,397.666,400.443,2.777,try again,robot text:try again
625,robot text,robot,401.999,404.554,2.555,put down,robot text:put down
626,robot text,robot,405.998,408.054,2.056,try again,robot text:try again
627,robot text,robot,408.471,411.359,2.888,pick up,robot text:pick up
628,robot text,robot,420.026,422.971,2.945,positive feedback,robot text:positive feedback
629,robot text,robot,424.276,427.109,2.833,pick up,robot text:pick up
630,robot text,robot,437.525,439.359,1.834,try again,robot text:try again
631,robot text,robot,440.831,443.609,2.778,pick up,robot text:pick up
632,robot text,robot,447.276,450.442,3.166,positive feedback,robot text:positive feedback
633,robot text,robot,451.137,453.526,2.389,put down,robot text:put down
634,robot text,robot,456.109,458.776,2.667,positive feedback,robot text:positive feedback
635,robot text,robot,460.22,462.664,2.444,pick up,robot text:pick up
636,robot text,robot,473.609,475.442,1.833,try again,robot text:try again
637,robot text,robot,476.192,478.525,2.333,pick up,robot text:pick up
638,robot text,robot,483.303,486.136,2.833,positive feedback,robot text:positive feedback
639,robot text,robot,486.775,490.497,3.722,other,robot text:other
640,Conversational turns,"Parent,Child",98.929,103.00399999999999,4.074999999999989,PC,Conversational turns:PC
641,Conversational turns,"Parent,Child",98.939,103.00399999999999,4.064999999999998,PC,Conversational turns:PC
642,Conversational turns,"Parent,Child",103.319,105.97399999999999,2.654999999999987,PC,Conversational turns:PC
643,Conversational turns,"Parent,Child",117.03,121.886,4.8559999999999945,PC,Conversational turns:PC
644,Conversational turns,"Parent,Child",137.27100000000002,143.826,6.554999999999978,PC,Conversational turns:PC
645,Conversational turns,"Parent,Child",151.841,153.686,1.8449999999999989,PC,Conversational turns:PC
646,Conversational turns,"Parent,Child",154.226,158.631,4.405000000000001,PC,Conversational turns:PC
647,Conversational turns,"Parent,Child",156.721,158.631,1.9099999999999966,PC,Conversational turns:PC
648,Conversational turns,"Parent,Child",170.565,172.435,1.8700000000000045,PC,Conversational turns:PC
649,Conversational turns,"Parent,Child",171.82,175.27,3.450000000000017,PC,Conversational turns:PC
650,Conversational turns,"Parent,Child",190.64,194.97,4.3300000000000125,PC,Conversational turns:PC
651,Conversational turns,"Parent,Child",199.675,204.74,5.064999999999998,PC,Conversational turns:PC
652,Conversational turns,"Parent,Child",206.305,210.44,4.134999999999991,PC,Conversational turns:PC
653,Conversational turns,"Parent,Child",217.595,220.52,2.9250000000000114,PC,Conversational turns:PC
654,Conversational turns,"Parent,Child",218.56,220.52,1.960000000000008,PC,Conversational turns:PC
655,Conversational turns,"Parent,Child",220.525,222.65,2.125,PC,Conversational turns:PC
656,Conversational turns,"Parent,Child",225.015,230.09,5.075000000000017,PC,Conversational turns:PC
657,Conversational turns,"Parent,Child",305.255,309.7,4.444999999999993,PC,Conversational turns:PC
658,Conversational turns,"Parent,Child",306.695,309.7,3.0049999999999955,PC,Conversational turns:PC
659,Conversational turns,"Parent,Child",310.16,312.14,1.9799999999999613,PC,Conversational turns:PC
660,Conversational turns,"Parent,Child",312.985,314.675,1.6899999999999977,PC,Conversational turns:PC
661,Conversational turns,"Parent,Child",327.61,335.14,7.529999999999973,PC,Conversational turns:PC
662,Conversational turns,"Parent,Child",329.26,335.14,5.8799999999999955,PC,Conversational turns:PC
663,Conversational turns,"Parent,Child",331.385,335.14,3.7549999999999955,PC,Conversational turns:PC
664,Conversational turns,"Parent,Child",338.03,340.59000000000003,2.560000000000059,PC,Conversational turns:PC
665,Conversational turns,"Parent,Child",354.48,358.065,3.5849999999999795,PC,Conversational turns:PC
666,Conversational turns,"Parent,Child",359.735,363.925,4.189999999999998,PC,Conversational turns:PC
667,Conversational turns,"Parent,Child",363.95,365.775,1.8249999999999886,PC,Conversational turns:PC
668,Conversational turns,"Parent,Child",365.79,368.385,2.5949999999999704,PC,Conversational turns:PC
669,Conversational turns,"Parent,Child",366.335,368.385,2.0500000000000114,PC,Conversational turns:PC
670,Conversational turns,"Parent,Child",386.355,388.955,2.599999999999966,PC,Conversational turns:PC
671,Conversational turns,"Parent,Child",388.94,392.94,4.0,PC,Conversational turns:PC
672,Conversational turns,"Parent,Child",393.525,396.205,2.680000000000007,PC,Conversational turns:PC
673,Conversational turns,"Parent,Child",408.752,413.157,4.404999999999973,PC,Conversational turns:PC
674,Conversational turns,"Parent,Child",413.447,417.302,3.855000000000018,PC,Conversational turns:PC
675,Conversational turns,"Parent,Child",414.047,417.302,3.2549999999999955,PC,Conversational turns:PC
676,Conversational turns,"Parent,Child",417.347,419.317,1.9700000000000273,PC,Conversational turns:PC
677,Conversational turns,"Parent,Child",426.587,432.817,6.230000000000018,PC,Conversational turns:PC
678,Conversational turns,"Parent,Child",428.412,432.817,4.40500000000003,PC,Conversational turns:PC
679,Conversational turns,"Parent,Child",433.087,434.642,1.5550000000000068,PC,Conversational turns:PC
680,Conversational turns,"Parent,Child",463.34000000000003,465.885,2.544999999999959,PC,Conversational turns:PC
681,Conversational turns,"Parent,Child",466.425,468.65999999999997,2.234999999999957,PC,Conversational turns:PC
682,Conversational turns,"Parent,Child",469.03,471.175,2.1450000000000387,PC,Conversational turns:PC
683,Conversational turns,"Parent,Child",471.18,473.14,1.9599999999999795,PC,Conversational turns:PC
684,Conversational turns,"Parent,Child",478.145,480.145,2.0,PC,Conversational turns:PC
685,Conversational turns,"Parent,Child",8.36,12.92,4.5600000000000005,CP,Conversational turns:CP
686,Conversational turns,"Parent,Child",10.94,12.92,1.9800000000000004,CP,Conversational turns:CP
687,Conversational turns,"Parent,Child",62.299,64.194,1.8950000000000031,CP,Conversational turns:CP
688,Conversational turns,"Parent,Child",105.22399999999999,110.14,4.916000000000011,CP,Conversational turns:CP
689,Conversational turns,"Parent,Child",129.856,133.641,3.7849999999999966,CP,Conversational turns:CP
690,Conversational turns,"Parent,Child",150.761,153.011,2.25,CP,Conversational turns:CP
691,Conversational turns,"Parent,Child",153.046,156.256,3.210000000000008,CP,Conversational turns:CP
692,Conversational turns,"Parent,Child",164.62,171.395,6.775000000000006,CP,Conversational turns:CP
693,Conversational turns,"Parent,Child",169.68,173.41,3.7299999999999898,CP,Conversational turns:CP
694,Conversational turns,"Parent,Child",171.825,176.61,4.785000000000025,CP,Conversational turns:CP
695,Conversational turns,"Parent,Child",173.69,176.61,2.920000000000016,CP,Conversational turns:CP
696,Conversational turns,"Parent,Child",176.245,179.09,2.844999999999999,CP,Conversational turns:CP
697,Conversational turns,"Parent,Child",184.685,191.18,6.4950000000000045,CP,Conversational turns:CP
698,Conversational turns,"Parent,Child",189.27,191.18,1.9099999999999966,CP,Conversational turns:CP
699,Conversational turns,"Parent,Child",194.44,198.91,4.469999999999999,CP,Conversational turns:CP
700,Conversational turns,"Parent,Child",204.19,207.475,3.2849999999999966,CP,Conversational turns:CP
701,Conversational turns,"Parent,Child",215.21,218.405,3.194999999999993,CP,Conversational turns:CP
702,Conversational turns,"Parent,Child",220.03,225.865,5.835000000000008,CP,Conversational turns:CP
703,Conversational turns,"Parent,Child",221.82,225.865,4.045000000000016,CP,Conversational turns:CP
704,Conversational turns,"Parent,Child",237.645,240.23,2.5849999999999795,CP,Conversational turns:CP
705,Conversational turns,"Parent,Child",262.9,265.92,3.0200000000000387,CP,Conversational turns:CP
706,Conversational turns,"Parent,Child",277.07,282.045,4.975000000000023,CP,Conversational turns:CP
707,Conversational turns,"Parent,Child",277.875,282.045,4.170000000000016,CP,Conversational turns:CP
708,Conversational turns,"Parent,Child",308.4,310.92,2.5200000000000387,CP,Conversational turns:CP
709,Conversational turns,"Parent,Child",311.67,313.565,1.8949999999999818,CP,Conversational turns:CP
710,Conversational turns,"Parent,Child",314.285,318.63,4.34499999999997,CP,Conversational turns:CP
711,Conversational turns,"Parent,Child",332.88,339.83,6.949999999999989,CP,Conversational turns:CP
712,Conversational turns,"Parent,Child",356.555,362.985,6.430000000000007,CP,Conversational turns:CP
713,Conversational turns,"Parent,Child",358.07,362.985,4.9150000000000205,CP,Conversational turns:CP
714,Conversational turns,"Parent,Child",363.275,366.335,3.0600000000000023,CP,Conversational turns:CP
715,Conversational turns,"Parent,Child",365.205,367.875,2.670000000000016,CP,Conversational turns:CP
716,Conversational turns,"Parent,Child",368.925,374.185,5.259999999999991,CP,Conversational turns:CP
717,Conversational turns,"Parent,Child",384.72,388.175,3.454999999999984,CP,Conversational turns:CP
718,Conversational turns,"Parent,Child",388.365,394.425,6.060000000000002,CP,Conversational turns:CP
719,Conversational turns,"Parent,Child",392.29,394.425,2.134999999999991,CP,Conversational turns:CP
720,Conversational turns,"Parent,Child",395.655,397.73,2.0750000000000455,CP,Conversational turns:CP
721,Conversational turns,"Parent,Child",408.24,414.047,5.807000000000016,CP,Conversational turns:CP
722,Conversational turns,"Parent,Child",411.137,414.047,2.910000000000025,CP,Conversational turns:CP
723,Conversational turns,"Parent,Child",431.797,434.35699999999997,2.5599999999999454,CP,Conversational turns:CP
724,Conversational turns,"Parent,Child",434.342,436.222,1.8799999999999955,CP,Conversational turns:CP
725,Conversational turns,"Parent,Child",443.37,449.92,6.550000000000011,CP,Conversational turns:CP
726,Conversational turns,"Parent,Child",465.365,466.895,1.5299999999999727,CP,Conversational turns:CP
727,Conversational turns,"Parent,Child",468.08,472.65999999999997,4.579999999999984,CP,Conversational turns:CP
728,Conversational turns,"Parent,Child",475.075,479.145,4.069999999999993,CP,Conversational turns:CP
729,Conversational turns,"Parent,Child",98.929,110.14,11.210999999999999,PCP,Conversational turns:PCP
730,Conversational turns,"Parent,Child",98.939,110.14,11.201000000000008,PCP,Conversational turns:PCP
731,Conversational turns,"Parent,Child",103.319,110.14,6.820999999999998,PCP,Conversational turns:PCP
732,Conversational turns,"Parent,Child",151.841,156.256,4.414999999999992,PCP,Conversational turns:PCP
733,Conversational turns,"Parent,Child",170.565,176.61,6.045000000000016,PCP,Conversational turns:PCP
734,Conversational turns,"Parent,Child",171.82,176.61,4.7900000000000205,PCP,Conversational turns:PCP
735,Conversational turns,"Parent,Child",190.64,198.91,8.27000000000001,PCP,Conversational turns:PCP
736,Conversational turns,"Parent,Child",199.675,207.475,7.799999999999983,PCP,Conversational turns:PCP
737,Conversational turns,"Parent,Child",206.305,218.405,12.099999999999994,PCP,Conversational turns:PCP
738,Conversational turns,"Parent,Child",217.595,225.865,8.27000000000001,PCP,Conversational turns:PCP
739,Conversational turns,"Parent,Child",218.56,225.865,7.305000000000007,PCP,Conversational turns:PCP
740,Conversational turns,"Parent,Child",220.525,225.865,5.340000000000003,PCP,Conversational turns:PCP
741,Conversational turns,"Parent,Child",305.255,310.92,5.6650000000000205,PCP,Conversational turns:PCP
742,Conversational turns,"Parent,Child",306.695,310.92,4.225000000000023,PCP,Conversational turns:PCP
743,Conversational turns,"Parent,Child",310.16,313.565,3.4049999999999727,PCP,Conversational turns:PCP
744,Conversational turns,"Parent,Child",312.985,318.63,5.644999999999982,PCP,Conversational turns:PCP
745,Conversational turns,"Parent,Child",327.61,339.83,12.21999999999997,PCP,Conversational turns:PCP
746,Conversational turns,"Parent,Child",329.26,339.83,10.569999999999993,PCP,Conversational turns:PCP
747,Conversational turns,"Parent,Child",331.385,339.83,8.444999999999993,PCP,Conversational turns:PCP
748,Conversational turns,"Parent,Child",354.48,362.985,8.504999999999995,PCP,Conversational turns:PCP
749,Conversational turns,"Parent,Child",359.735,366.335,6.599999999999966,PCP,Conversational turns:PCP
750,Conversational turns,"Parent,Child",363.95,367.875,3.9250000000000114,PCP,Conversational turns:PCP
751,Conversational turns,"Parent,Child",365.79,374.185,8.394999999999982,PCP,Conversational turns:PCP
752,Conversational turns,"Parent,Child",366.335,374.185,7.850000000000023,PCP,Conversational turns:PCP
753,Conversational turns,"Parent,Child",386.355,394.425,8.069999999999993,PCP,Conversational turns:PCP
754,Conversational turns,"Parent,Child",388.94,394.425,5.485000000000014,PCP,Conversational turns:PCP
755,Conversational turns,"Parent,Child",393.525,397.73,4.205000000000041,PCP,Conversational turns:PCP
756,Conversational turns,"Parent,Child",408.752,414.047,5.295000000000016,PCP,Conversational turns:PCP
757,Conversational turns,"Parent,Child",426.587,434.35699999999997,7.769999999999982,PCP,Conversational turns:PCP
758,Conversational turns,"Parent,Child",428.412,434.35699999999997,5.944999999999993,PCP,Conversational turns:PCP
759,Conversational turns,"Parent,Child",433.087,436.222,3.134999999999991,PCP,Conversational turns:PCP
760,Conversational turns,"Parent,Child",463.34000000000003,466.895,3.55499999999995,PCP,Conversational turns:PCP
761,Conversational turns,"Parent,Child",466.425,472.65999999999997,6.234999999999957,PCP,Conversational turns:PCP
762,Conversational turns,"Parent,Child",469.03,479.145,10.115000000000009,PCP,Conversational turns:PCP
763,Conversational turns,"Parent,Child",471.18,479.145,7.964999999999975,PCP,Conversational turns:PCP
764,Conversational turns,"Parent,Child",129.856,143.826,13.969999999999999,CPC,Conversational turns:CPC
765,Conversational turns,"Parent,Child",150.761,153.686,2.9250000000000114,CPC,Conversational turns:CPC
766,Conversational turns,"Parent,Child",153.046,158.631,5.585000000000008,CPC,Conversational turns:CPC
767,Conversational turns,"Parent,Child",164.62,172.435,7.814999999999998,CPC,Conversational turns:CPC
768,Conversational turns,"Parent,Child",169.68,175.27,5.590000000000003,CPC,Conversational turns:CPC
769,Conversational turns,"Parent,Child",184.685,194.97,10.284999999999997,CPC,Conversational turns:CPC
770,Conversational turns,"Parent,Child",189.27,194.97,5.699999999999989,CPC,Conversational turns:CPC
771,Conversational turns,"Parent,Child",194.44,204.74,10.300000000000011,CPC,Conversational turns:CPC
772,Conversational turns,"Parent,Child",204.19,210.44,6.25,CPC,Conversational turns:CPC
773,Conversational turns,"Parent,Child",215.21,220.52,5.310000000000002,CPC,Conversational turns:CPC
774,Conversational turns,"Parent,Child",220.03,230.09,10.060000000000002,CPC,Conversational turns:CPC
775,Conversational turns,"Parent,Child",221.82,230.09,8.27000000000001,CPC,Conversational turns:CPC
776,Conversational turns,"Parent,Child",308.4,312.14,3.740000000000009,CPC,Conversational turns:CPC
777,Conversational turns,"Parent,Child",311.67,314.675,3.0049999999999955,CPC,Conversational turns:CPC
778,Conversational turns,"Parent,Child",332.88,340.59000000000003,7.710000000000036,CPC,Conversational turns:CPC
779,Conversational turns,"Parent,Child",356.555,363.925,7.3700000000000045,CPC,Conversational turns:CPC
780,Conversational turns,"Parent,Child",358.07,363.925,5.855000000000018,CPC,Conversational turns:CPC
781,Conversational turns,"Parent,Child",363.275,368.385,5.110000000000014,CPC,Conversational turns:CPC
782,Conversational turns,"Parent,Child",365.205,368.385,3.180000000000007,CPC,Conversational turns:CPC
783,Conversational turns,"Parent,Child",384.72,388.955,4.234999999999957,CPC,Conversational turns:CPC
784,Conversational turns,"Parent,Child",388.365,396.205,7.839999999999975,CPC,Conversational turns:CPC
785,Conversational turns,"Parent,Child",392.29,396.205,3.9149999999999636,CPC,Conversational turns:CPC
786,Conversational turns,"Parent,Child",408.24,417.302,9.062000000000012,CPC,Conversational turns:CPC
787,Conversational turns,"Parent,Child",411.137,417.302,6.1650000000000205,CPC,Conversational turns:CPC
788,Conversational turns,"Parent,Child",431.797,434.642,2.8449999999999704,CPC,Conversational turns:CPC
789,Conversational turns,"Parent,Child",465.365,468.65999999999997,3.294999999999959,CPC,Conversational turns:CPC
790,Conversational turns,"Parent,Child",468.08,473.14,5.060000000000002,CPC,Conversational turns:CPC
791,Conversational turns,"Parent,Child",475.075,480.145,5.069999999999993,CPC,Conversational turns:CPC
792,Joint attention,"Parent,Child",6.232,7.55,1.3179999999999996,robot,Joint attention:robot
793,Joint attention,"Parent,Child",10.046,10.791,0.745000000000001,robot,Joint attention:robot
794,Joint attention,"Parent,Child",13.883,14.171,0.28800000000000026,robot,Joint attention:robot
795,Joint attention,"Parent,Child",14.569,14.813,0.24399999999999977,props,Joint attention:props
796,Joint attention,"Parent,Child",15.999,16.137,0.1379999999999999,robot,Joint attention:robot
797,Joint attention,"Parent,Child",17.974,19.985,2.0109999999999992,robot,Joint attention:robot
798,Joint attention,"Parent,Child",22.504,27.649,5.145,robot,Joint attention:robot
799,Joint attention,"Parent,Child",28.654,30.0,1.346,robot,Joint attention:robot
800,Joint attention,"Parent,Child",32.679,33.643,0.9639999999999986,robot,Joint attention:robot
801,Joint attention,"Parent,Child",107.582,109.02600000000001,1.4440000000000168,robot,Joint attention:robot
802,Joint attention,"Parent,Child",156.58100000000002,156.583,0.001999999999981128,props,Joint attention:props
803,Joint attention,"Parent,Child",157.607,157.747,0.14000000000001478,props,Joint attention:props
804,Joint attention,"Parent,Child",195.221,196.387,1.1659999999999968,props,Joint attention:props
805,Joint attention,"Parent,Child",200.277,201.782,1.5050000000000239,props,Joint attention:props
806,Joint attention,"Parent,Child",202.388,204.78300000000002,2.3950000000000102,robot,Joint attention:robot
807,Joint attention,"Parent,Child",205.221,205.832,0.61099999999999,props,Joint attention:props
808,Joint attention,"Parent,Child",206.971,207.804,0.8329999999999984,props,Joint attention:props
809,Joint attention,"Parent,Child",208.331,212.414,4.082999999999998,props,Joint attention:props
810,Joint attention,"Parent,Child",212.797,214.511,1.7139999999999986,robot,Joint attention:robot
811,Joint attention,"Parent,Child",216.636,217.678,1.0420000000000016,robot,Joint attention:robot
812,Joint attention,"Parent,Child",217.802,218.524,0.7220000000000084,props,Joint attention:props
813,Joint attention,"Parent,Child",219.71800000000002,222.774,3.055999999999983,props,Joint attention:props
814,Joint attention,"Parent,Child",226.412,227.912,1.5,robot,Joint attention:robot
815,Joint attention,"Parent,Child",229.162,231.19,2.0279999999999916,props,Joint attention:props
816,Joint attention,"Parent,Child",241.439,241.52,0.08100000000001728,props,Joint attention:props
817,Joint attention,"Parent,Child",434.874,439.01800000000003,4.1440000000000055,props,Joint attention:props
818,Joint attention,"Parent,Child",35.261,46.678,11.416999999999994,robot,Joint attention:robot
819,Joint attention,"Parent,Child",48.261,49.166,0.904999999999994,robot,Joint attention:robot
820,Joint attention,"Parent,Child",51.196,55.383,4.187000000000005,robot,Joint attention:robot
821,Joint attention,"Parent,Child",57.701,58.975,1.274000000000001,robot,Joint attention:robot
822,Joint attention,"Parent,Child",60.808,62.213,1.4050000000000011,robot,Joint attention:robot
823,Joint attention,"Parent,Child",66.404,69.475,3.070999999999998,robot,Joint attention:robot
824,Joint attention,"Parent,Child",70.69200000000001,73.919,3.2269999999999897,robot,Joint attention:robot
825,Joint attention,"Parent,Child",76.214,84.463,8.248999999999995,robot,Joint attention:robot
826,Joint attention,"Parent,Child",86.776,88.202,1.426000000000002,robot,Joint attention:robot
827,Joint attention,"Parent,Child",89.22,90.137,0.9170000000000016,robot,Joint attention:robot
828,Joint attention,"Parent,Child",91.418,95.777,4.358999999999995,robot,Joint attention:robot
829,Joint attention,"Parent,Child",114.428,116.582,2.1539999999999964,robot,Joint attention:robot
830,Joint attention,"Parent,Child",119.333,120.16,0.8269999999999982,robot,Joint attention:robot
831,Joint attention,"Parent,Child",121.333,121.915,0.5820000000000078,robot,Joint attention:robot
832,Joint attention,"Parent,Child",125.082,126.36,1.2780000000000058,robot,Joint attention:robot
833,Joint attention,"Parent,Child",128.443,129.262,0.8189999999999884,robot,Joint attention:robot
834,Joint attention,"Parent,Child",132.356,133.023,0.6670000000000016,robot,Joint attention:robot
835,Joint attention,"Parent,Child",134.511,135.721,1.210000000000008,robot,Joint attention:robot
836,Joint attention,"Parent,Child",139.804,140.428,0.6239999999999952,robot,Joint attention:robot
837,Joint attention,"Parent,Child",143.91,147.101,3.1910000000000025,robot,Joint attention:robot
838,Joint attention,"Parent,Child",148.011,148.942,0.9310000000000116,robot,Joint attention:robot
839,Joint attention,"Parent,Child",158.609,166.001,7.391999999999996,robot,Joint attention:robot
840,Joint attention,"Parent,Child",167.864,168.887,1.0229999999999961,robot,Joint attention:robot
841,Joint attention,"Parent,Child",177.554,178.276,0.7220000000000084,robot,Joint attention:robot
842,Joint attention,"Parent,Child",179.554,182.413,2.859000000000009,robot,Joint attention:robot
843,Joint attention,"Parent,Child",183.228,183.55,0.32200000000000273,robot,Joint attention:robot
844,Joint attention,"Parent,Child",184.211,185.276,1.0649999999999977,robot,Joint attention:robot
845,Joint attention,"Parent,Child",187.765,188.332,0.5670000000000073,robot,Joint attention:robot
846,Joint attention,"Parent,Child",223.94,226.412,2.4720000000000084,robot,Joint attention:robot
847,Joint attention,"Parent,Child",231.534,233.208,1.6740000000000066,robot,Joint attention:robot
848,Joint attention,"Parent,Child",235.55700000000002,236.824,1.266999999999996,robot,Joint attention:robot
849,Joint attention,"Parent,Child",237.219,238.266,1.046999999999997,robot,Joint attention:robot
850,Joint attention,"Parent,Child",241.689,244.287,2.598000000000013,robot,Joint attention:robot
851,Joint attention,"Parent,Child",246.554,246.911,0.3569999999999993,robot,Joint attention:robot
852,Joint attention,"Parent,Child",252.077,252.565,0.48799999999999955,robot,Joint attention:robot
853,Joint attention,"Parent,Child",256.797,260.541,3.7439999999999714,robot,Joint attention:robot
854,Joint attention,"Parent,Child",265.017,267.355,2.3380000000000223,robot,Joint attention:robot
855,Joint attention,"Parent,Child",274.063,276.438,2.375,robot,Joint attention:robot
856,Joint attention,"Parent,Child",297.937,301.629,3.6920000000000073,robot,Joint attention:robot
857,Joint attention,"Parent,Child",304.279,304.631,0.35199999999997544,robot,Joint attention:robot
858,Joint attention,"Parent,Child",316.764,319.903,3.13900000000001,robot,Joint attention:robot
859,Joint attention,"Parent,Child",320.972,322.103,1.1310000000000286,robot,Joint attention:robot
860,Joint attention,"Parent,Child",330.853,335.853,5.0,robot,Joint attention:robot
861,Joint attention,"Parent,Child",342.703,343.936,1.233000000000004,robot,Joint attention:robot
862,Joint attention,"Parent,Child",345.019,346.54,1.521000000000015,robot,Joint attention:robot
863,Joint attention,"Parent,Child",351.224,352.186,0.9619999999999891,robot,Joint attention:robot
864,Joint attention,"Parent,Child",353.88,354.269,0.38900000000001,robot,Joint attention:robot
865,Joint attention,"Parent,Child",356.213,356.421,0.20799999999997,robot,Joint attention:robot
866,Joint attention,"Parent,Child",357.10699999999997,357.213,0.10600000000005139,robot,Joint attention:robot
867,Joint attention,"Parent,Child",370.407,372.29,1.8830000000000382,robot,Joint attention:robot
868,Joint attention,"Parent,Child",376.629,380.407,3.777999999999963,robot,Joint attention:robot
869,Joint attention,"Parent,Child",384.021,386.129,2.108000000000004,robot,Joint attention:robot
870,Joint attention,"Parent,Child",399.185,404.961,5.7760000000000105,robot,Joint attention:robot
871,Joint attention,"Parent,Child",407.216,408.351,1.134999999999991,robot,Joint attention:robot
872,Joint attention,"Parent,Child",418.445,426.629,8.184000000000026,robot,Joint attention:robot
873,Joint attention,"Parent,Child",446.26800000000003,447.57,1.301999999999964,robot,Joint attention:robot
874,Joint attention,"Parent,Child",476.439,478.098,1.6589999999999918,robot,Joint attention:robot
875,Joint attention,"Parent,Child",481.24,482.077,0.8369999999999891,robot,Joint attention:robot
876,Joint attention,"Parent,Child",484.379,485.379,1.0,robot,Joint attention:robot
877,Joint attention,"Parent,Child",487.297,487.819,0.5219999999999914,robot,Joint attention:robot
878,Joint attention,"Parent,Child",55.392,57.701,2.3089999999999975,props,Joint attention:props
879,Joint attention,"Parent,Child",65.887,66.392,0.5049999999999955,props,Joint attention:props
880,Joint attention,"Parent,Child",73.936,76.19800000000001,2.2620000000000005,props,Joint attention:props
881,Joint attention,"Parent,Child",90.154,91.418,1.26400000000001,props,Joint attention:props
882,Joint attention,"Parent,Child",112.791,114.422,1.6310000000000002,props,Joint attention:props
883,Joint attention,"Parent,Child",118.693,119.333,0.6400000000000006,props,Joint attention:props
884,Joint attention,"Parent,Child",120.16,121.315,1.1550000000000011,props,Joint attention:props
885,Joint attention,"Parent,Child",129.273,132.344,3.070999999999998,props,Joint attention:props
886,Joint attention,"Parent,Child",140.44,141.351,0.9110000000000014,props,Joint attention:props
887,Joint attention,"Parent,Child",147.118,147.999,0.8810000000000002,props,Joint attention:props
888,Joint attention,"Parent,Child",150.803,150.97,0.1670000000000016,props,Joint attention:props
889,Joint attention,"Parent,Child",166.019,167.852,1.8329999999999984,props,Joint attention:props
890,Joint attention,"Parent,Child",182.43,183.216,0.7860000000000014,props,Joint attention:props
891,Joint attention,"Parent,Child",183.556,184.199,0.6430000000000007,props,Joint attention:props
892,Joint attention,"Parent,Child",187.556,187.75900000000001,0.20300000000000296,props,Joint attention:props
893,Joint attention,"Parent,Child",231.273,231.534,0.2609999999999957,props,Joint attention:props
894,Joint attention,"Parent,Child",236.824,237.196,0.3719999999999857,props,Joint attention:props
895,Joint attention,"Parent,Child",238.3,239.21800000000002,0.9180000000000064,props,Joint attention:props
896,Joint attention,"Parent,Child",244.345,246.531,2.186000000000007,props,Joint attention:props
897,Joint attention,"Parent,Child",252.577,255.088,2.5109999999999957,props,Joint attention:props
898,Joint attention,"Parent,Child",255.913,256.797,0.8840000000000146,props,Joint attention:props
899,Joint attention,"Parent,Child",260.576,262.122,1.5459999999999923,props,Joint attention:props
900,Joint attention,"Parent,Child",262.994,264.994,2.0,props,Joint attention:props
901,Joint attention,"Parent,Child",271.105,272.48199999999997,1.3769999999999527,props,Joint attention:props
902,Joint attention,"Parent,Child",301.629,304.279,2.6499999999999773,props,Joint attention:props
903,Joint attention,"Parent,Child",316.27,316.741,0.47100000000000364,props,Joint attention:props
904,Joint attention,"Parent,Child",319.914,320.961,1.0470000000000255,props,Joint attention:props
905,Joint attention,"Parent,Child",341.269,342.68,1.4110000000000014,props,Joint attention:props
906,Joint attention,"Parent,Child",346.574,351.224,4.649999999999977,props,Joint attention:props
907,Joint attention,"Parent,Child",356.421,357.049,0.6279999999999859,props,Joint attention:props
908,Joint attention,"Parent,Child",365.991,367.721,1.7300000000000182,props,Joint attention:props
909,Joint attention,"Parent,Child",372.29,373.185,0.8949999999999818,props,Joint attention:props
910,Joint attention,"Parent,Child",383.296,384.01,0.7139999999999986,props,Joint attention:props
911,Joint attention,"Parent,Child",404.973,407.216,2.242999999999995,props,Joint attention:props
912,Joint attention,"Parent,Child",418.05,418.423,0.37299999999999045,props,Joint attention:props
913,Joint attention,"Parent,Child",442.323,446.256,3.9329999999999927,props,Joint attention:props
914,Joint attention,"Parent,Child",450.267,453.73199999999997,3.464999999999975,props,Joint attention:props
915,Joint attention,"Parent,Child",465.431,472.875,7.444000000000017,props,Joint attention:props
916,Joint attention,"Parent,Child",479.597,480.194,0.5970000000000368,props,Joint attention:props
917,Joint attention,"Parent,Child",480.799,481.217,0.41800000000000637,props,Joint attention:props
918,Joint attention,"Parent,Child",482.077,484.379,2.302000000000021,props,Joint attention:props
919,Joint attention,"Parent,Child",485.39,487.251,1.86099999999999,props,Joint attention:props
920,Mutual gaze,"Parent,Child",11.86,12.919,1.059000000000001,MG,Mutual gaze:MG
921,Mutual gaze,"Parent,Child",31.217,32.287,1.0700000000000003,MG,Mutual gaze:MG
922,Mutual gaze,"Parent,Child",33.845,35.101,1.2560000000000002,MG,Mutual gaze:MG
923,Mutual gaze,"Parent,Child",62.304,64.55799999999999,2.2539999999999907,MG,Mutual gaze:MG
924,Mutual gaze,"Parent,Child",85.888,86.273,0.3849999999999909,MG,Mutual gaze:MG
925,Mutual gaze,"Parent,Child",105.356,106.856,1.5,MG,Mutual gaze:MG
926,Mutual gaze,"Parent,Child",141.748,143.692,1.9440000000000168,MG,Mutual gaze:MG
927,Mutual gaze,"Parent,Child",151.386,155.303,3.9170000000000016,MG,Mutual gaze:MG
928,Mutual gaze,"Parent,Child",169.382,174.454,5.072000000000003,MG,Mutual gaze:MG
929,Mutual gaze,"Parent,Child",189.128,190.77100000000002,1.643000000000029,MG,Mutual gaze:MG
930,Mutual gaze,"Parent,Child",239.579,240.556,0.9770000000000039,MG,Mutual gaze:MG
931,Mutual gaze,"Parent,Child",279.43399999999997,281.14300000000003,1.70900000000006,MG,Mutual gaze:MG
932,Mutual gaze,"Parent,Child",309.557,309.826,0.26900000000000546,MG,Mutual gaze:MG
933,Mutual gaze,"Parent,Child",310.159,310.766,0.6070000000000277,MG,Mutual gaze:MG
934,Mutual gaze,"Parent,Child",358.025,359.351,1.3260000000000218,MG,Mutual gaze:MG
935,Mutual gaze,"Parent,Child",367.796,370.047,2.251000000000033,MG,Mutual gaze:MG
936,Mutual gaze,"Parent,Child",392.648,394.648,2.0,MG,Mutual gaze:MG
937,Mutual gaze,"Parent,Child",408.413,410.692,2.2789999999999964,MG,Mutual gaze:MG
938,Mutual gaze,"Parent,Child",412.71500000000003,413.737,1.0219999999999914,MG,Mutual gaze:MG
939,Mutual gaze,"Parent,Child",416.655,416.712,0.05700000000001637,MG,Mutual gaze:MG
940,Mutual gaze,"Parent,Child",433.685,434.51800000000003,0.8330000000000268,MG,Mutual gaze:MG
941,Mutual gaze,"Parent,Child",440.26800000000003,441.419,1.1509999999999536,MG,Mutual gaze:MG
942,Mutual gaze,"Parent,Child",475.474,475.709,0.23500000000001364,MG,Mutual gaze:MG
