,Child utterance:other vocalization,Child utterance:utterance,Child gaze:robot,Child gaze:parent,Child gaze:props,Child gaze:missing data,Child affect:positive 2,Child affect:positive 1,Child gesture:point at prop,Parent utterance:utterance,Parent utterance:missing data,Verbal scaffolding:cognitive,Verbal scaffolding:technical,Verbal scaffolding:affective,Non-verbal scaffolding:technical,Non-verbal scaffolding:cognitive,Parent gaze:child,Parent gaze:robot,Parent gaze:missing data,Parent gaze:props,Parent affect:positive 2,Parent affect:positive 1,Parent gesture:missing data,Parent gesture:other,Parent gesture:point at prop,Child prop manipulation:child,Parent prop manipulation:parent,robot pointing:point at prop,robot text:other,robot text:song,robot text:teach,robot text:pick up,robot text:try again,robot text:positive feedback,robot text:put down,robot text:correction,Conversational turns:PC,Conversational turns:CP,Conversational turns:PCP,Joint attention:robot,Joint attention:missing data,Joint attention:props,Mutual gaze:MG
Child utterance:other vocalization,"[100, 100]","[100, 100]","[100, 100]","[100, 100]","[100, 100]","[100, 100]","[100, 100]","[100, 100]","[100, 100]","[100, 100]","[100, 100]","[100, 100]","[100, 100]","[100, 100]","[100, 100]","[100, 100]","[100, 100]","[100, 100]","[100, 100]","[100, 100]","[100, 100]","[100, 100]","[100, 100]","[100, 100]","[100, 100]","[100, 100]","[100, 100]","[100, 100]","[100, 100]","[100, 100]","[100, 100]","[100, 100]","[100, 100]","[100, 100]","[100, 100]","[100, 100]","[100, 100]","[100, 100]","[100, 100]","[100, 100]","[100, 100]","[100, 100]","[100, 100]"
Child utterance:utterance,"[100, 100]","[100, 100]","[2, 0.007874915388029901]","[1, 0.13075339613434853]","[2, 0.40107305419752676]","[1, 1.0]","[1, 1.0]","[2, 0.09133160114878669]","[5, 0.5612886127878036]","[4, 0.08453246275174439]","[1, 1.0]","[1, 0.026731865788818795]","[1, 1.0]","[1, 1.0]","[5, 0.45772215683376904]","[1, 1.0]","[1, 1.0]","[1, 1.0]","[1, 1.0]","[1, 1.0]","[100, 100]","[4, 0.12335532342274935]","[1, 1.0]","[100, 100]","[5, 0.7190549161491342]","[5, 0.12392230956812443]","[5, 0.023560474697552285]","[1, 1.0]","[100, 100]","[100, 100]","[1, 1.0]","[5, 0.3218980959216369]","[5, 3.6607378508581266e-07]","[2, 0.007899869087025195]","[1, 1.0]","[1, 1.0]","[5, 0.026030861276106185]","[5, 0.000756320904161456]","[5, 0.4017591974487366]","[1, 1.0]","[1, 1.0]","[2, 0.3906360376768774]","[1, 1.0]"
Child gaze:robot,"[100, 100]","[4, 0.11743265528567065]","[100, 100]","[2, 0.009455993806446203]","[5, 3.009075924772408e-10]","[2, 0.017645818236554617]","[4, 0.9934330886226554]","[1, 0.016920881967539634]","[3, 0.23855440999505229]","[1, 0.44161135284905984]","[1, 0.22317899265941174]","[1, 0.10033312141028311]","[1, 0.03373728747350333]","[1, 0.2761727163522245]","[1, 0.028739300212754264]","[2, 0.9999999999999734]","[2, 0.30495581886895623]","[2, 0.43278900865243686]","[1, 0.8989024461122914]","[3, 0.16833284888257913]","[100, 100]","[1, 0.6088154092520355]","[5, 0.12543938293332624]","[100, 100]","[4, 0.9998785541473763]","[2, 0.43854499770290556]","[1, 0.05857239737772258]","[1, 0.8762606089057785]","[100, 100]","[100, 100]","[1, 0.8762606089057785]","[1, 0.05857239737772119]","[1, 0.34581519725441634]","[2, 0.16110506729920676]","[2, 0.010133601870277556]","[2, 0.534419662750218]","[4, 0.04273276874480228]","[4, 0.3529806025341585]","[4, 0.4058719586659007]","[4, 0.047986826931577034]","[2, 0.11986171222191934]","[2, 1.7308373465192783e-07]","[2, 0.005784804524994118]"
Child gaze:parent,"[100, 100]","[1, 0.13066537608171247]","[4, 0.023781634536370274]","[100, 100]","[2, 3.942753601041362e-06]","[2, 0.9999999999999668]","[1, 0.03208890081955551]","[1, 0.20707000061397177]","[4, 0.08183272136717583]","[3, 0.005036230567007911]","[2, 0.9999999999999668]","[2, 0.08959294957524001]","[2, 0.9999999999999668]","[1, 0.21756760186904403]","[3, 0.9928023199615822]","[4, 0.07719142721430591]","[2, 0.041372470471876505]","[1, 0.44437318287521044]","[2, 0.9999999999999668]","[2, 0.2515978630430351]","[100, 100]","[1, 0.4507112026938396]","[5, 0.7716833884595161]","[100, 100]","[2, 0.3091122793019166]","[5, 0.16044550819602718]","[3, 0.9640634848749143]","[1, 0.13066537608171247]","[100, 100]","[100, 100]","[1, 0.13066537608171247]","[2, 0.08710172397319235]","[5, 0.000869923170082761]","[1, 0.38369787226667884]","[5, 0.2303851253072748]","[1, 0.012050304209449775]","[3, 0.2488555795907988]","[5, 0.09731866750866386]","[2, 0.8861095569567181]","[4, 0.8756665111632476]","[2, 0.9999999999999668]","[2, 0.00036506966231331165]","[2, 0.5097412336720687]"
Child gaze:props,"[100, 100]","[2, 0.41605685883472476]","[3, 3.565457092033762e-05]","[2, 1.315051927876989e-06]","[100, 100]","[1, 0.285049407402613]","[3, 0.3781608369197813]","[2, 0.11826395481626253]","[5, 0.0008835215600184195]","[2, 0.01754254327546743]","[5, 0.8063024676450985]","[1, 0.031126163388988236]","[1, 0.030914143248399577]","[2, 0.13144952530804732]","[2, 0.4500807551084697]","[1, 1.0]","[4, 0.5397369449555942]","[3, 0.13000018615204623]","[1, 0.285049407402613]","[3, 0.14833339407308774]","[100, 100]","[4, 0.7089377940858913]","[1, 0.1901334937352751]","[100, 100]","[5, 0.9999998380868309]","[1, 0.008993115932692742]","[1, 0.771742596932276]","[2, 0.38097697923470375]","[100, 100]","[100, 100]","[2, 0.38097697923470375]","[5, 0.7502087536461206]","[1, 0.06336579683898379]","[2, 0.4047141232576976]","[1, 0.04178799739539973]","[5, 0.9367275627109518]","[3, 0.12183746292608791]","[2, 0.41605685883471455]","[5, 0.28434306154660355]","[1, 0.813010133342189]","[1, 0.285049407402613]","[5, 0.08985823748685186]","[2, 0.027976381581872153]"
Child gaze:missing data,"[100, 100]","[1, 1.0]","[1, 0.028496883385239022]","[1, 1.0]","[1, 0.2910230572597138]","[100, 100]","[1, 1.0]","[4, 0.5457191287996004]","[1, 1.0]","[5, 0.9999656145222401]","[2, 3.824246628097376e-16]","[5, 0.9997914184895044]","[1, 1.0]","[1, 1.0]","[1, 1.0]","[1, 1.0]","[1, 1.0]","[5, 0.0004757365011288862]","[5, 9.330465706747992e-05]","[1, 1.0]","[100, 100]","[1, 1.0]","[4, 0.0007912686290079345]","[100, 100]","[1, 1.0]","[1, 1.0]","[1, 1.0]","[1, 1.0]","[100, 100]","[100, 100]","[1, 1.0]","[5, 0.4382464983192672]","[2, 0.010760051977720234]","[1, 1.0]","[1, 1.0]","[1, 1.0]","[1, 1.0]","[1, 1.0]","[1, 1.0]","[1, 0.014192139281616922]","[3, 1.589741437058177e-15]","[1, 1.0]","[1, 1.0]"
Child affect:positive 2,"[100, 100]","[1, 1.0]","[3, 0.03394359537561641]","[4, 0.02005588632681407]","[2, 0.1766091504833485]","[1, 1.0]","[100, 100]","[1, 0.0023133972882010798]","[1, 1.0]","[4, 0.2985058405615587]","[1, 1.0]","[1, 1.0]","[1, 1.0]","[1, 1.0]","[1, 1.0]","[1, 1.0]","[3, 3.0351448525338817e-07]","[1, 1.0]","[1, 1.0]","[4, 4.96477375084077e-05]","[100, 100]","[4, 5.383524617158674e-06]","[1, 1.0]","[100, 100]","[1, 1.0]","[1, 0.010372919095406618]","[1, 1.0]","[4, 0.008197752051757302]","[100, 100]","[100, 100]","[4, 0.008197752051757302]","[5, 0.03363198637091092]","[1, 1.0]","[5, 0.002493934691309366]","[1, 1.0]","[1, 1.0]","[1, 1.0]","[1, 1.0]","[1, 1.0]","[1, 1.0]","[1, 1.0]","[2, 0.16789274699721204]","[4, 7.947084159931257e-09]"
Child affect:positive 1,"[100, 100]","[5, 0.9999665722242274]","[1, 0.5847605495310708]","[3, 0.3966918708667221]","[2, 0.21551374125208939]","[5, 0.9999958125828602]","[2, 0.9339080476576611]","[100, 100]","[4, 0.02458715652181743]","[4, 0.031174189315422932]","[1, 1.0]","[4, 0.004608759320102538]","[2, 0.9674532156521941]","[2, 0.2088082975332433]","[1, 1.0]","[1, 1.0]","[1, 0.27540999572051095]","[1, 0.2747403985765846]","[1, 1.0]","[1, 0.3680473299337539]","[100, 100]","[3, 0.46604268812910743]","[1, 1.0]","[100, 100]","[1, 1.0]","[3, 0.15208731156493085]","[1, 1.0]","[5, 0.12576884196753463]","[100, 100]","[100, 100]","[5, 0.12576884196753463]","[1, 0.04550026389635868]","[2, 0.3717176358567638]","[1, 0.22175049341605013]","[4, 0.5779788489781641]","[5, 0.9999960984369036]","[2, 0.9674532156521941]","[3, 0.1946939077470615]","[3, 0.02244471118563234]","[1, 0.014022284102200714]","[1, 1.0]","[2, 0.2149257995177069]","[1, 0.27540999572051095]"
Child gesture:point at prop,"[100, 100]","[4, 1.3837148242683982e-06]","[1, 0.05792610885147153]","[3, 0.15867941300309257]","[5, 0.011986760822443078]","[1, 1.0]","[1, 1.0]","[4, 0.41994893910690256]","[100, 100]","[4, 0.17051672929451697]","[1, 1.0]","[5, 0.4299178929865416]","[1, 1.0]","[1, 1.0]","[1, 1.0]","[1, 1.0]","[5, 1.2404164755488596e-05]","[4, 0.9822657500734904]","[1, 1.0]","[4, 0.0017490590689527238]","[100, 100]","[5, 0.47927110115928706]","[1, 1.0]","[100, 100]","[1, 1.0]","[1, 0.010372919095406885]","[1, 1.0]","[4, 0.9936183725242093]","[100, 100]","[100, 100]","[4, 0.9936183725242093]","[3, 0.37404353017830605]","[1, 9.532561546911325e-08]","[1, 1.0]","[4, 0.9840639117724063]","[2, 0.009750518824599425]","[4, 0.0010476051579694752]","[2, 0.0008251049232658677]","[4, 0.6425514678460553]","[4, 0.9528549798197363]","[1, 1.0]","[4, 0.00017440168884142064]","[4, 0.0021849533142891528]"
Parent utterance:utterance,"[100, 100]","[4, 0.0051502051240922865]","[4, 0.07639571520404467]","[1, 0.06134875234535707]","[2, 0.01657719115814935]","[4, 0.7784144426762606]","[3, 0.16538059323766646]","[3, 0.1796460779607246]","[4, 0.12173198964513506]","[100, 100]","[2, 0.4598570544095266]","[3, 0.2001435061110224]","[4, 0.18058829242681326]","[3, 0.012662302669531937]","[2, 0.9831585396472559]","[5, 2.857175859804392e-06]","[3, 0.9284231546798851]","[5, 0.3034671440827782]","[4, 0.778414442676274]","[1, 0.19742890062654472]","[100, 100]","[1, 0.1383981520337465]","[5, 0.999980993364635]","[100, 100]","[5, 0.006615584632469475]","[5, 0.06549113402767193]","[3, 0.9299306682696935]","[4, 0.5475053925052015]","[100, 100]","[100, 100]","[4, 0.5475053925052015]","[5, 0.015227217689876449]","[5, 0.1727160889887964]","[1, 0.3432473554648213]","[1, 0.9495512048907732]","[1, 0.19785397914183334]","[4, 0.2676877952057332]","[5, 0.13271585151527807]","[5, 0.13967595139338473]","[1, 0.40314042991727617]","[4, 0.7478950642957929]","[2, 0.02458948370610184]","[1, 0.3959707458535442]"
Parent utterance:missing data,"[100, 100]","[1, 1.0]","[3, 0.2750187940310272]","[1, 1.0]","[5, 0.6700200978755948]","[2, 3.8242466280970547e-16]","[1, 1.0]","[1, 1.0]","[1, 1.0]","[4, 0.965340515212616]","[100, 100]","[4, 0.8731191460743761]","[1, 1.0]","[1, 1.0]","[1, 1.0]","[1, 1.0]","[1, 1.0]","[3, 0.08563401575320666]","[4, 0.002670457170965608]","[4, 0.9591294784167329]","[100, 100]","[1, 1.0]","[5, 0.00014640878591596935]","[100, 100]","[1, 1.0]","[1, 1.0]","[1, 1.0]","[1, 1.0]","[100, 100]","[100, 100]","[1, 1.0]","[4, 0.16193835689338176]","[4, 0.1530628862861195]","[1, 1.0]","[1, 1.0]","[1, 1.0]","[1, 1.0]","[1, 1.0]","[1, 1.0]","[4, 0.2647693150797831]","[2, 3.8242466280970547e-16]","[1, 1.0]","[1, 1.0]"
Verbal scaffolding:cognitive,"[100, 100]","[4, 0.22698260477769405]","[5, 0.3921062444247702]","[1, 0.5388003987313382]","[4, 0.28104283497431043]","[4, 0.45330468980911864]","[1, 1.0]","[2, 0.13901339191820702]","[2, 0.28830199601379014]","[1, 0.462540031814337]","[2, 0.18984201357309582]","[100, 100]","[1, 1.0]","[1, 1.0]","[3, 0.9558666068006791]","[5, 4.1234513173631316e-17]","[1, 1.0]","[2, 0.4585083841569466]","[4, 0.4533046898091294]","[1, 0.3685012865706252]","[100, 100]","[1, 1.0]","[1, 1.0]","[100, 100]","[5, 3.316075151940011e-07]","[5, 0.7188225980945167]","[3, 0.8048923446591773]","[1, 1.0]","[100, 100]","[100, 100]","[1, 1.0]","[5, 0.6993592393757009]","[1, 1.0]","[1, 1.0]","[2, 0.1415894060026421]","[5, 0.05771949227395364]","[1, 1.0]","[5, 0.019633768072813886]","[5, 0.0030958452598835546]","[5, 0.8362929329770721]","[4, 0.40447353388892665]","[4, 0.26637398822713787]","[1, 1.0]"
Verbal scaffolding:technical,"[100, 100]","[1, 1.0]","[3, 0.5445722452405468]","[1, 1.0]","[2, 0.17573545519571032]","[1, 1.0]","[1, 1.0]","[1, 0.0025769949221704533]","[1, 1.0]","[5, 0.22707779902430836]","[1, 1.0]","[5, 0.012308814124554491]","[100, 100]","[1, 1.0]","[1, 1.0]","[1, 1.0]","[1, 1.0]","[1, 1.0]","[1, 1.0]","[1, 1.0]","[100, 100]","[1, 1.0]","[1, 1.0]","[100, 100]","[1, 1.0]","[4, 0.06334383765865545]","[1, 1.0]","[1, 1.0]","[100, 100]","[100, 100]","[1, 1.0]","[1, 1.0]","[1, 1.0]","[3, 0.10006083311939637]","[1, 1.0]","[1, 1.0]","[1, 1.0]","[1, 1.0]","[1, 1.0]","[1, 1.0]","[1, 1.0]","[2, 0.16707712756741044]","[1, 1.0]"
Verbal scaffolding:affective,"[100, 100]","[1, 1.0]","[3, 0.1005687136600216]","[4, 0.11282836145231837]","[4, 0.4349678540874701]","[1, 1.0]","[1, 1.0]","[2, 0.22548300482474176]","[1, 1.0]","[4, 0.6628933651873119]","[1, 1.0]","[1, 1.0]","[4, 3.737418029078268e-11]","[100, 100]","[1, 1.0]","[1, 1.0]","[4, 0.11507408205361135]","[1, 1.0]","[5, 0.995322358470737]","[5, 0.25227272512630444]","[100, 100]","[2, 0.1037040694591867]","[5, 0.98915209047955]","[100, 100]","[1, 1.0]","[5, 0.325301295913178]","[1, 1.0]","[4, 0.00014954419674773046]","[100, 100]","[100, 100]","[4, 0.00014954419674773046]","[5, 0.0002841795153532018]","[1, 1.0]","[1, 0.011586078005293229]","[1, 1.0]","[1, 1.0]","[1, 1.0]","[1, 1.0]","[1, 1.0]","[1, 1.0]","[1, 1.0]","[5, 0.544783022379534]","[5, 0.16315387426961017]"
Non-verbal scaffolding:technical,"[100, 100]","[5, 2.8947643783908986e-08]","[1, 0.2754475810429565]","[2, 0.3633495516859541]","[2, 0.8267836124281304]","[1, 1.0]","[1, 1.0]","[1, 1.0]","[1, 1.0]","[1, 0.22255735797638998]","[1, 1.0]","[1, 0.07100895747155113]","[1, 1.0]","[1, 1.0]","[100, 100]","[1, 1.0]","[1, 1.0]","[5, 2.216352877621383e-05]","[1, 1.0]","[5, 0.02703209693869442]","[100, 100]","[1, 1.0]","[1, 1.0]","[100, 100]","[4, 0.0012489404716383243]","[3, 0.5896093495880037]","[4, 4.691783829961129e-36]","[5, 0.9970856482314522]","[100, 100]","[100, 100]","[5, 0.9970856482314522]","[5, 0.001084544377549756]","[1, 1.0]","[4, 0.005525185177613399]","[1, 1.0]","[1, 1.0]","[1, 1.0]","[5, 3.646190141402338e-18]","[1, 1.0]","[1, 1.0]","[1, 1.0]","[1, 0.2827020994215549]","[1, 1.0]"
Non-verbal scaffolding:cognitive,"[100, 100]","[1, 1.0]","[1, 1.0]","[4, 0.8126364110047583]","[1, 1.0]","[1, 1.0]","[1, 1.0]","[1, 1.0]","[1, 1.0]","[4, 0.004710931567104643]","[1, 1.0]","[4, 6.445837073575923e-07]","[1, 1.0]","[1, 1.0]","[1, 1.0]","[100, 100]","[1, 1.0]","[1, 1.0]","[1, 1.0]","[1, 1.0]","[100, 100]","[1, 1.0]","[1, 1.0]","[100, 100]","[1, 1.0]","[4, 0.06334555375467897]","[1, 1.0]","[1, 1.0]","[100, 100]","[100, 100]","[1, 1.0]","[1, 1.0]","[1, 1.0]","[1, 1.0]","[1, 1.0]","[3, 2.0724874004819354e-08]","[1, 1.0]","[1, 1.0]","[1, 1.0]","[1, 1.0]","[1, 1.0]","[1, 1.0]","[1, 1.0]"
Parent gaze:child,"[100, 100]","[1, 1.0]","[5, 0.0901202970321126]","[5, 3.963920356366933e-09]","[2, 0.1840033100492499]","[1, 1.0]","[3, 2.6854988153137404e-05]","[4, 0.023933126515864614]","[5, 0.00789049728132576]","[5, 0.5210754831141571]","[1, 1.0]","[1, 1.0]","[1, 1.0]","[4, 3.0413733994275375e-05]","[1, 1.0]","[1, 1.0]","[100, 100]","[1, 0.005483852776911877]","[1, 1.0]","[2, 1.0265906325256591e-11]","[100, 100]","[5, 0.00019414887228666296]","[5, 0.1753605940213508]","[100, 100]","[1, 1.0]","[3, 0.5825372606637282]","[1, 1.0]","[2, 0.024920194358022313]","[100, 100]","[100, 100]","[2, 0.024920194358022313]","[4, 0.3703943029272168]","[1, 1.0]","[5, 0.02715873818054949]","[5, 0.023199538215509435]","[1, 1.0]","[1, 0.0001242859459133889]","[1, 1.0]","[1, 0.0001242859459133889]","[1, 0.0017804680884482478]","[1, 1.0]","[1, 0.03927630246000997]","[5, 2.5738328342791756e-19]"
Parent gaze:robot,"[100, 100]","[1, 1.0]","[1, 0.037354411261212264]","[2, 0.7077941055450403]","[1, 0.5012371689570785]","[5, 2.9694916057956287e-06]","[1, 1.0]","[1, 0.27481555618079095]","[5, 0.08539439952591064]","[1, 0.019987766102868416]","[3, 0.0036678768301433118]","[1, 0.0005395134584680302]","[1, 1.0]","[1, 1.0]","[3, 0.9055475735021845]","[1, 1.0]","[2, 0.10842978947059446]","[100, 100]","[4, 3.5178582117397055e-07]","[1, 2.203036989266784e-06]","[100, 100]","[3, 0.12907558826356397]","[2, 0.026589983081089844]","[100, 100]","[1, 1.0]","[5, 0.9629032265863453]","[1, 1.0]","[1, 0.18130541397282623]","[100, 100]","[100, 100]","[1, 0.18130541397282623]","[1, 0.2076680129827142]","[1, 1.0]","[1, 0.12243831897626337]","[3, 0.9853206645671041]","[3, 0.1340230027922357]","[3, 0.03278972102959391]","[1, 1.0]","[3, 0.03278972102959391]","[5, 0.017873745133288065]","[5, 6.008949897100791e-10]","[2, 0.4595510028730472]","[1, 0.16437203950795853]"
Parent gaze:missing data,"[100, 100]","[1, 1.0]","[1, 0.02827423981225304]","[1, 1.0]","[3, 0.9966220180476858]","[2, 1.1585279008347443e-12]","[1, 1.0]","[1, 1.0]","[1, 1.0]","[4, 0.7881536053153324]","[5, 0.9447829463886289]","[5, 0.9996985468388544]","[1, 1.0]","[4, 0.011982486439031605]","[1, 1.0]","[1, 1.0]","[1, 1.0]","[4, 1.8297870565185496e-06]","[100, 100]","[1, 0.06993201142991572]","[100, 100]","[5, 0.9993120271568474]","[4, 5.941224595667421e-06]","[100, 100]","[1, 1.0]","[1, 0.14093988196637697]","[1, 1.0]","[1, 0.03399934630557065]","[100, 100]","[100, 100]","[1, 0.03399934630557065]","[5, 0.46393269095101186]","[1, 1.0]","[4, 0.02150507549921831]","[1, 1.0]","[1, 1.0]","[1, 1.0]","[1, 1.0]","[1, 1.0]","[1, 5.393699826275459e-07]","[5, 4.8855723362984394e-08]","[4, 0.927098290479848]","[1, 1.0]"
Parent gaze:props,"[100, 100]","[1, 1.0]","[1, 0.019899861106012117]","[1, 3.3702789735075014e-07]","[2, 0.05935379104024719]","[5, 0.6051313915044404]","[5, 0.08990132320620503]","[1, 0.3599688875791971]","[5, 0.07444369903526003]","[5, 0.09812088289277014]","[3, 0.3281776934656571]","[2, 0.23718478632151166]","[1, 1.0]","[5, 0.00716664166782288]","[2, 0.9722797701707586]","[1, 1.0]","[2, 4.4990776054004994e-11]","[2, 0.0006729925425010287]","[5, 0.273638201167472]","[100, 100]","[100, 100]","[5, 0.22396350553398964]","[3, 0.18072642394765326]","[100, 100]","[1, 1.0]","[1, 0.43509931970678184]","[1, 1.0]","[1, 0.18406883714219852]","[100, 100]","[100, 100]","[1, 0.18406883714219852]","[5, 0.7438671920839759]","[1, 1.0]","[4, 0.02796542224821215]","[5, 0.02306036025421236]","[5, 0.34320494140978103]","[2, 0.005436122404640921]","[1, 1.0]","[2, 0.005436122404640921]","[1, 0.40653409491071946]","[5, 0.5546278872357921]","[3, 0.07170838589097253]","[2, 6.749902105934352e-08]"
Parent affect:positive 2,"[100, 100]","[100, 100]","[100, 100]","[100, 100]","[100, 100]","[100, 100]","[100, 100]","[100, 100]","[100, 100]","[100, 100]","[100, 100]","[100, 100]","[100, 100]","[100, 100]","[100, 100]","[100, 100]","[100, 100]","[100, 100]","[100, 100]","[100, 100]","[100, 100]","[100, 100]","[100, 100]","[100, 100]","[100, 100]","[100, 100]","[100, 100]","[100, 100]","[100, 100]","[100, 100]","[100, 100]","[100, 100]","[100, 100]","[100, 100]","[100, 100]","[100, 100]","[100, 100]","[100, 100]","[100, 100]","[100, 100]","[100, 100]","[100, 100]","[100, 100]"
Parent affect:positive 1,"[100, 100]","[5, 0.9994843241622792]","[2, 0.3101117176425716]","[3, 0.00727748903732265]","[2, 0.46845887466302594]","[1, 1.0]","[5, 0.3091581387081375]","[3, 0.058005500110216233]","[1, 0.06670870306701891]","[4, 0.12643370878111912]","[1, 1.0]","[1, 1.0]","[1, 1.0]","[2, 0.01369718103401171]","[1, 1.0]","[1, 1.0]","[2, 0.12290818819301781]","[1, 4.521024788088427e-05]","[4, 0.2738320713521919]","[1, 0.2693606520164303]","[100, 100]","[100, 100]","[3, 0.0794991991535188]","[100, 100]","[1, 1.0]","[5, 0.03915846824340469]","[1, 1.0]","[5, 0.012547949315386286]","[100, 100]","[100, 100]","[5, 0.012547949315386286]","[3, 0.06076948174264087]","[4, 0.9823205383483371]","[3, 0.23200794678344003]","[5, 0.09301104778780192]","[1, 1.0]","[4, 0.004064144846032271]","[5, 0.9995657492687315]","[4, 0.004064144846032271]","[1, 4.324423425789354e-06]","[1, 1.0]","[4, 0.30855699037718004]","[5, 4.315961822139725e-05]"
Parent gesture:missing data,"[100, 100]","[1, 1.0]","[5, 0.2749134811967151]","[1, 1.0]","[5, 0.5580999001327176]","[5, 0.9383440707023772]","[1, 1.0]","[1, 1.0]","[1, 1.0]","[4, 0.6571479741059763]","[5, 1.4156695332990728e-05]","[1, 1.0]","[1, 1.0]","[4, 0.001014560255547145]","[1, 1.0]","[1, 1.0]","[1, 1.0]","[3, 0.06468733642302853]","[5, 5.114569104379649e-10]","[2, 0.07695847071142599]","[100, 100]","[5, 0.9938437438652503]","[100, 100]","[100, 100]","[1, 1.0]","[1, 0.07099886385942322]","[1, 1.0]","[2, 0.03355993578723412]","[100, 100]","[100, 100]","[2, 0.03355993578723412]","[1, 0.014192139281617468]","[2, 0.0010374725729336183]","[4, 8.64715158244799e-08]","[1, 1.0]","[1, 1.0]","[1, 1.0]","[1, 1.0]","[1, 1.0]","[1, 1.0]","[5, 0.9252465477719066]","[5, 0.9467763548088916]","[1, 1.0]"
Parent gesture:other,"[100, 100]","[100, 100]","[100, 100]","[100, 100]","[100, 100]","[100, 100]","[100, 100]","[100, 100]","[100, 100]","[100, 100]","[100, 100]","[100, 100]","[100, 100]","[100, 100]","[100, 100]","[100, 100]","[100, 100]","[100, 100]","[100, 100]","[100, 100]","[100, 100]","[100, 100]","[100, 100]","[100, 100]","[100, 100]","[100, 100]","[100, 100]","[100, 100]","[100, 100]","[100, 100]","[100, 100]","[100, 100]","[100, 100]","[100, 100]","[100, 100]","[100, 100]","[100, 100]","[100, 100]","[100, 100]","[100, 100]","[100, 100]","[100, 100]","[100, 100]"
Parent gesture:point at prop,"[100, 100]","[4, 1.9162639306960535e-07]","[3, 0.5713057992792372]","[4, 0.9889498980902474]","[4, 0.6926100438627877]","[1, 1.0]","[1, 1.0]","[1, 1.0]","[1, 1.0]","[5, 0.027056748824271285]","[1, 1.0]","[5, 1.972286796491212e-05]","[1, 1.0]","[1, 1.0]","[5, 4.458868458022794e-45]","[4, 2.171407281656487e-15]","[1, 1.0]","[1, 1.0]","[1, 1.0]","[1, 1.0]","[100, 100]","[1, 1.0]","[1, 1.0]","[100, 100]","[100, 100]","[4, 0.08874537375510384]","[4, 8.683552137473719e-84]","[1, 1.0]","[100, 100]","[100, 100]","[1, 1.0]","[4, 0.12635764227570598]","[1, 1.0]","[1, 1.0]","[1, 1.0]","[3, 9.937177097823969e-05]","[1, 1.0]","[3, 5.540491948725216e-11]","[1, 1.0]","[1, 1.0]","[1, 1.0]","[4, 0.6802391151028858]","[1, 1.0]"
Child prop manipulation:child,"[100, 100]","[2, 0.0033272266888936773]","[1, 0.007795861231216822]","[1, 0.336267942321129]","[2, 0.0010750120347176747]","[1, 1.0]","[1, 0.010053474836564227]","[3, 0.41666957211304945]","[1, 0.20069690182919644]","[1, 0.2748018340653875]","[1, 1.0]","[1, 0.36088108161792687]","[3, 0.0833960391146185]","[2, 0.332385482669337]","[2, 6.159017730718613e-05]","[5, 0.9999971560326806]","[5, 0.05152542995733062]","[4, 0.5466387482047861]","[2, 0.9890253689690309]","[5, 0.22759820114745996]","[100, 100]","[1, 0.06982216464246006]","[2, 0.9835410976824417]","[100, 100]","[2, 0.19081082425108972]","[100, 100]","[2, 0.06255322216513748]","[2, 0.49758829541668703]","[100, 100]","[100, 100]","[2, 0.49758829541668703]","[1, 0.102722289869751]","[3, 0.025107723042231217]","[4, 0.04387878714382911]","[1, 0.3492251102011943]","[5, 0.4918935920143477]","[1, 0.8148313538268793]","[2, 0.25925942433711]","[5, 0.9999986303305493]","[2, 0.5028720120160504]","[1, 1.0]","[2, 0.000873878882341872]","[3, 0.2631837356722803]"
Parent prop manipulation:parent,"[100, 100]","[5, 1.8285848120044066e-38]","[3, 0.02134987573305895]","[2, 0.046592377848896034]","[2, 0.5628065140123298]","[1, 1.0]","[1, 1.0]","[1, 1.0]","[1, 1.0]","[1, 0.03399934630557005]","[1, 1.0]","[2, 0.0012673921916545536]","[1, 1.0]","[1, 1.0]","[4, 0.01838374726495068]","[1, 1.0]","[1, 1.0]","[1, 1.0]","[1, 1.0]","[1, 1.0]","[100, 100]","[1, 1.0]","[1, 1.0]","[100, 100]","[4, 0.01908258612164746]","[2, 0.33037741902368867]","[100, 100]","[1, 1.0]","[100, 100]","[100, 100]","[1, 1.0]","[5, 0.0002544767735148801]","[1, 1.0]","[1, 1.0]","[1, 1.0]","[1, 1.0]","[1, 1.0]","[5, 5.0341252303433607e-26]","[1, 1.0]","[1, 1.0]","[1, 1.0]","[2, 0.5534928931029492]","[1, 1.0]"
robot pointing:point at prop,"[100, 100]","[1, 1.0]","[1, 0.5577667151620678]","[1, 0.44992674375871244]","[1, 0.5174173178946333]","[1, 1.0]","[2, 0.0010088996903690694]","[1, 0.2900765461611688]","[3, 0.339414657593381]","[3, 0.8999724096658129]","[1, 1.0]","[1, 1.0]","[4, 0.000980474563560051]","[3, 0.2070089698253586]","[3, 0.11113364493678853]","[1, 1.0]","[5, 0.34305750605781044]","[1, 0.1804483208185061]","[4, 0.04200429562840189]","[5, 0.1422112416715345]","[100, 100]","[4, 0.5298822912468983]","[3, 2.918633516897923e-06]","[100, 100]","[1, 1.0]","[4, 0.03955557047104838]","[1, 1.0]","[100, 100]","[100, 100]","[100, 100]","[100, 100]","[1, 0.00014136406217244804]","[1, 1.0]","[2, 0.05936669327080914]","[2, 0.9999859872150545]","[1, 1.0]","[1, 1.0]","[1, 1.0]","[1, 1.0]","[2, 0.08414568847978988]","[1, 1.0]","[4, 0.3953422183294809]","[2, 0.40865243923122674]"
robot text:other,"[100, 100]","[100, 100]","[100, 100]","[100, 100]","[100, 100]","[100, 100]","[100, 100]","[100, 100]","[100, 100]","[100, 100]","[100, 100]","[100, 100]","[100, 100]","[100, 100]","[100, 100]","[100, 100]","[100, 100]","[100, 100]","[100, 100]","[100, 100]","[100, 100]","[100, 100]","[100, 100]","[100, 100]","[100, 100]","[100, 100]","[100, 100]","[100, 100]","[100, 100]","[100, 100]","[100, 100]","[100, 100]","[100, 100]","[100, 100]","[100, 100]","[100, 100]","[100, 100]","[100, 100]","[100, 100]","[100, 100]","[100, 100]","[100, 100]","[100, 100]"
robot text:song,"[100, 100]","[100, 100]","[100, 100]","[100, 100]","[100, 100]","[100, 100]","[100, 100]","[100, 100]","[100, 100]","[100, 100]","[100, 100]","[100, 100]","[100, 100]","[100, 100]","[100, 100]","[100, 100]","[100, 100]","[100, 100]","[100, 100]","[100, 100]","[100, 100]","[100, 100]","[100, 100]","[100, 100]","[100, 100]","[100, 100]","[100, 100]","[100, 100]","[100, 100]","[100, 100]","[100, 100]","[100, 100]","[100, 100]","[100, 100]","[100, 100]","[100, 100]","[100, 100]","[100, 100]","[100, 100]","[100, 100]","[100, 100]","[100, 100]","[100, 100]"
robot text:teach,"[100, 100]","[1, 1.0]","[1, 0.5577667151620678]","[1, 0.44992674375871244]","[1, 0.5174173178946333]","[1, 1.0]","[2, 0.0010088996903690694]","[1, 0.2900765461611688]","[3, 0.339414657593381]","[3, 0.8999724096658129]","[1, 1.0]","[1, 1.0]","[4, 0.000980474563560051]","[3, 0.2070089698253586]","[3, 0.11113364493678853]","[1, 1.0]","[5, 0.34305750605781044]","[1, 0.1804483208185061]","[4, 0.04200429562840189]","[5, 0.1422112416715345]","[100, 100]","[4, 0.5298822912468983]","[3, 2.918633516897923e-06]","[100, 100]","[1, 1.0]","[4, 0.03955557047104838]","[1, 1.0]","[100, 100]","[100, 100]","[100, 100]","[100, 100]","[1, 0.00014136406217244804]","[1, 1.0]","[2, 0.05936669327080914]","[2, 0.9999859872150545]","[1, 1.0]","[1, 1.0]","[1, 1.0]","[1, 1.0]","[2, 0.08414568847978988]","[1, 1.0]","[4, 0.3953422183294809]","[2, 0.40865243923122674]"
robot text:pick up,"[100, 100]","[1, 0.011586078005293394]","[2, 0.03819545116617426]","[2, 0.074840111979463]","[2, 0.8259158760806982]","[3, 0.04484725879534622]","[1, 0.0004778951585687666]","[5, 0.26081423771668055]","[2, 0.0492602518346319]","[1, 0.15851261256575513]","[1, 0.0457532965252131]","[1, 0.2960126622291739]","[1, 1.0]","[2, 2.9803194253436483e-05]","[5, 0.9673771777455994]","[1, 1.0]","[1, 0.2068219162504321]","[5, 0.9998797976339698]","[3, 0.2645076199284005]","[1, 0.29785875320709193]","[100, 100]","[2, 0.2207690165829312]","[5, 0.022769340263169926]","[100, 100]","[5, 0.9960465504451762]","[5, 0.5066721222927727]","[5, 0.9651757331650102]","[5, 8.554594029530364e-05]","[100, 100]","[100, 100]","[5, 8.554594029530364e-05]","[100, 100]","[2, 0.00044956197321709606]","[2, 0.3713175418815497]","[1, 1.0]","[1, 1.0]","[1, 0.0004778951585687666]","[5, 0.004693951899561357]","[2, 0.0022751386446922548]","[5, 0.9997600624771421]","[3, 0.04484725879534622]","[2, 0.8221107089931314]","[1, 0.2068219162504321]"
robot text:try again,"[100, 100]","[1, 0.00020614861907943186]","[1, 0.34508724414599357]","[2, 0.10111551138170599]","[4, 0.26506017843280233]","[2, 8.578035848453879e-05]","[1, 1.0]","[5, 0.47422279431558545]","[3, 3.091520236885819e-06]","[1, 0.29039243851069263]","[4, 0.01484317120014949]","[1, 1.0]","[1, 1.0]","[1, 1.0]","[1, 1.0]","[1, 1.0]","[1, 1.0]","[5, 0.46851321813771474]","[1, 1.0]","[1, 1.0]","[100, 100]","[5, 0.03702086381394935]","[4, 0.689886493136495]","[100, 100]","[1, 1.0]","[4, 0.005815140028605305]","[1, 1.0]","[1, 1.0]","[100, 100]","[100, 100]","[1, 1.0]","[5, 0.5754630968524227]","[100, 100]","[1, 1.0]","[4, 0.23049072194411382]","[5, 0.008350053653321471]","[4, 0.3221322891905041]","[1, 0.00020614861907943186]","[1, 1.0]","[1, 1.0]","[2, 8.578035848453879e-05]","[3, 0.30405604241442974]","[1, 1.0]"
robot text:positive feedback,"[100, 100]","[5, 0.9999272085815276]","[1, 0.4396472802788458]","[1, 0.08072953393280112]","[3, 0.024046827378408044]","[1, 1.0]","[5, 1.7410278649327477e-07]","[1, 0.22175049341605013]","[1, 1.0]","[5, 0.0726632604797439]","[1, 1.0]","[5, 0.8784455259920237]","[4, 3.6423039907871915e-05]","[5, 0.0003261180874513905]","[3, 0.04483999797006569]","[1, 1.0]","[2, 0.3041812759142643]","[2, 0.30418127586446303]","[1, 0.014192139281617468]","[1, 0.20173472644909085]","[100, 100]","[2, 0.10310413118388603]","[1, 0.002576994922170408]","[100, 100]","[1, 1.0]","[4, 3.891163493555244e-05]","[1, 1.0]","[5, 0.9998210392059145]","[100, 100]","[100, 100]","[5, 0.9998210392059145]","[4, 0.00036763507696425555]","[1, 1.0]","[100, 100]","[1, 1.0]","[1, 1.0]","[1, 1.0]","[5, 0.999948296136954]","[1, 1.0]","[1, 1.0]","[1, 1.0]","[3, 4.5866607668427165e-05]","[5, 0.00033610642790998606]"
robot text:put down,"[100, 100]","[1, 1.0]","[1, 0.06830570278202339]","[4, 0.2469679675278236]","[3, 0.5230150464613228]","[1, 1.0]","[1, 1.0]","[1, 0.883181512624329]","[1, 0.7985470930669505]","[4, 0.06003533599058712]","[1, 1.0]","[4, 0.0961065918870585]","[1, 1.0]","[1, 1.0]","[1, 1.0]","[5, 0.000590769986259832]","[3, 0.5194131861083611]","[2, 0.3730314945290534]","[1, 1.0]","[5, 0.1203049926382052]","[100, 100]","[2, 0.2010865820246259]","[1, 1.0]","[100, 100]","[5, 0.09046307126561998]","[1, 0.34940546315750776]","[1, 1.0]","[1, 0.17737773434708537]","[100, 100]","[100, 100]","[1, 0.17737773434708537]","[1, 1.0]","[3, 0.29170511702029167]","[1, 1.0]","[100, 100]","[2, 0.0025897237243250374]","[1, 1.0]","[1, 1.0]","[1, 1.0]","[3, 0.9999999586168111]","[1, 1.0]","[3, 0.5112437365699021]","[3, 0.5019603392840517]"
robot text:correction,"[100, 100]","[1, 1.0]","[1, 1.0]","[1, 0.00017065502451710465]","[1, 0.2910230572597138]","[1, 1.0]","[1, 1.0]","[4, 0.5600314018171086]","[4, 0.052239755400497245]","[4, 0.0001419115271400116]","[1, 1.0]","[4, 1.3475765132005452e-07]","[1, 1.0]","[1, 1.0]","[1, 1.0]","[5, 3.376788956996967e-24]","[1, 1.0]","[1, 0.028484354490487238]","[1, 1.0]","[3, 0.128818116826487]","[100, 100]","[1, 1.0]","[1, 1.0]","[100, 100]","[5, 3.5637496126857167e-14]","[5, 0.016868878499160828]","[1, 1.0]","[1, 1.0]","[100, 100]","[100, 100]","[1, 1.0]","[1, 1.0]","[1, 0.002576994922170408]","[1, 1.0]","[4, 0.2883250096316132]","[100, 100]","[1, 1.0]","[1, 1.0]","[1, 1.0]","[1, 1.0]","[1, 1.0]","[1, 0.2833517508243689]","[1, 1.0]"
Conversational turns:PC,"[100, 100]","[2, 3.8242466280971937e-16]","[3, 0.024733558901621523]","[1, 0.031206974617565053]","[4, 0.4348341522147414]","[1, 1.0]","[1, 1.0]","[1, 0.0025769949221704533]","[4, 3.248345364184615e-06]","[1, 1.0]","[1, 1.0]","[1, 1.0]","[1, 1.0]","[1, 1.0]","[1, 1.0]","[1, 1.0]","[1, 1.0]","[1, 1.0]","[1, 1.0]","[1, 1.0]","[100, 100]","[1, 1.0]","[1, 1.0]","[100, 100]","[1, 1.0]","[2, 0.03482311300094832]","[1, 1.0]","[1, 1.0]","[100, 100]","[100, 100]","[1, 1.0]","[1, 1.0]","[5, 3.0043699119986784e-08]","[1, 1.0]","[1, 1.0]","[1, 1.0]","[100, 100]","[2, 6.095921087552201e-14]","[1, 1.0]","[1, 1.0]","[1, 1.0]","[4, 0.41838214165043197]","[1, 1.0]"
Conversational turns:CP,"[100, 100]","[5, 9.677849064622724e-24]","[2, 0.13088686447016945]","[1, 0.13075339613435233]","[4, 0.31632557663143024]","[1, 1.0]","[1, 1.0]","[2, 0.10623461696579257]","[4, 0.006106656904809955]","[4, 0.00012222102555373203]","[1, 1.0]","[4, 0.2568688797670987]","[1, 1.0]","[1, 1.0]","[5, 1.0444012765055316e-06]","[1, 1.0]","[1, 1.0]","[1, 1.0]","[1, 1.0]","[1, 1.0]","[100, 100]","[4, 0.14930216993180564]","[1, 1.0]","[100, 100]","[1, 1.0]","[1, 0.06992192833871798]","[5, 1.0141758979995009e-20]","[1, 1.0]","[100, 100]","[100, 100]","[1, 1.0]","[1, 1.0]","[5, 7.704226780644071e-06]","[2, 0.010760051977720148]","[1, 1.0]","[1, 1.0]","[4, 2.2000243114789286e-12]","[100, 100]","[1, 1.0]","[1, 1.0]","[1, 1.0]","[4, 0.29261277598273017]","[1, 1.0]"
Conversational turns:PCP,"[100, 100]","[4, 2.3006816099233514e-13]","[2, 0.039179481325187004]","[1, 0.03120697461756592]","[4, 0.4423643230073484]","[1, 1.0]","[1, 1.0]","[1, 0.0025769949221704533]","[4, 3.900876065507168e-33]","[4, 0.27603557541440477]","[1, 1.0]","[1, 1.0]","[1, 1.0]","[1, 1.0]","[1, 1.0]","[1, 1.0]","[1, 1.0]","[1, 1.0]","[1, 1.0]","[1, 1.0]","[100, 100]","[1, 1.0]","[1, 1.0]","[100, 100]","[1, 1.0]","[4, 0.15565182315842216]","[1, 1.0]","[1, 1.0]","[100, 100]","[100, 100]","[1, 1.0]","[3, 0.006909474730059959]","[5, 3.471643926953207e-06]","[1, 1.0]","[1, 1.0]","[1, 1.0]","[4, 9.866626672530912e-45]","[1, 1.0]","[100, 100]","[1, 1.0]","[1, 1.0]","[4, 0.4261589594188968]","[1, 1.0]"
Joint attention:robot,"[100, 100]","[1, 1.0]","[4, 0.0704549454361634]","[1, 0.3060323543032614]","[1, 0.9004945682931348]","[5, 1.7717306941255841e-07]","[1, 1.0]","[1, 0.010179555866502831]","[4, 0.11979476978886354]","[3, 0.5540445815048292]","[3, 0.05141235947562076]","[1, 0.20101682682652133]","[1, 1.0]","[1, 1.0]","[1, 1.0]","[1, 1.0]","[3, 0.14707054891530563]","[2, 0.09642684941431613]","[5, 0.16012344379593976]","[1, 0.0049232777606268065]","[100, 100]","[4, 0.0760049869363244]","[1, 1.0]","[100, 100]","[1, 1.0]","[3, 0.6260994412364596]","[1, 1.0]","[1, 0.10299621139018274]","[100, 100]","[100, 100]","[1, 0.10299621139018274]","[4, 0.6878850245504766]","[1, 1.0]","[1, 1.0]","[2, 0.9999828784274674]","[1, 1.0]","[3, 7.79287359752566e-05]","[1, 1.0]","[3, 7.79287359752566e-05]","[100, 100]","[5, 2.8673102332585596e-06]","[2, 0.5219671210685533]","[3, 0.0068536287104324625]"
Joint attention:missing data,"[100, 100]","[1, 1.0]","[1, 0.0009366840340619432]","[1, 1.0]","[1, 0.2910230572597138]","[5, 1.0152442562755926e-23]","[1, 1.0]","[1, 1.0]","[1, 1.0]","[1, 1.0]","[2, 3.8242466280970547e-16]","[1, 1.0]","[1, 1.0]","[1, 1.0]","[1, 1.0]","[1, 1.0]","[1, 1.0]","[4, 0.0002556312362941681]","[5, 0.0005239968363661618]","[1, 1.0]","[100, 100]","[1, 1.0]","[4, 0.0003387263642591011]","[100, 100]","[1, 1.0]","[1, 1.0]","[1, 1.0]","[1, 1.0]","[100, 100]","[100, 100]","[1, 1.0]","[5, 0.0019757628513647632]","[2, 0.010760051977720234]","[1, 1.0]","[1, 1.0]","[1, 1.0]","[1, 1.0]","[1, 1.0]","[1, 1.0]","[3, 3.873428608684133e-07]","[100, 100]","[1, 1.0]","[1, 1.0]"
Joint attention:props,"[100, 100]","[2, 0.4056399297451714]","[3, 0.0007467881536133127]","[2, 2.341660200729723e-06]","[5, 0.3255182276731605]","[1, 1.0]","[5, 0.12501215029868143]","[2, 0.08294260178865384]","[5, 0.0025055140612091765]","[5, 0.19399349547725905]","[5, 0.8905303491064485]","[1, 0.028310983911711954]","[1, 0.030131606371172546]","[5, 0.39304837000573756]","[4, 0.25326285120911896]","[1, 1.0]","[3, 0.1472514538521429]","[3, 0.11673774921531137]","[1, 0.8749266846753077]","[1, 0.0528237862309198]","[100, 100]","[3, 0.8558645825380277]","[1, 0.8470276982937341]","[100, 100]","[5, 0.9999987705947262]","[1, 0.18642839665821775]","[1, 0.7845572313860204]","[2, 0.4055657950150876]","[100, 100]","[100, 100]","[2, 0.4055657950150876]","[3, 0.7818282204401534]","[1, 0.04303858715675487]","[4, 0.4973243839816417]","[1, 0.03892757758947681]","[5, 0.9297600501250036]","[3, 0.11317309938889217]","[2, 0.4056399297451817]","[5, 0.2637905387625518]","[3, 0.637283085734633]","[1, 1.0]","[100, 100]","[2, 0.13977193512227282]"
Mutual gaze:MG,"[100, 100]","[1, 1.0]","[1, 0.005192579887543902]","[1, 0.009740545833401797]","[1, 0.04256618836871364]","[1, 1.0]","[3, 0.0001083229584208676]","[4, 0.0005328060503619728]","[5, 0.12318467736961729]","[3, 0.045643494646200954]","[1, 1.0]","[1, 1.0]","[1, 1.0]","[5, 0.02108275661257531]","[1, 1.0]","[1, 1.0]","[3, 0.0004101415515084631]","[2, 0.6686171475698861]","[1, 1.0]","[2, 0.029878604932653898]","[100, 100]","[1, 0.18045930117089545]","[5, 0.15608652952952523]","[100, 100]","[1, 1.0]","[4, 0.04918245938854489]","[1, 1.0]","[4, 0.0967272743879082]","[100, 100]","[100, 100]","[4, 0.0967272743879082]","[5, 0.06720780911871466]","[1, 1.0]","[1, 0.1224383189762592]","[5, 0.014798544359785473]","[1, 1.0]","[3, 0.6849072014707729]","[1, 1.0]","[3, 0.6849072014707729]","[2, 0.6232217268357619]","[1, 1.0]","[2, 0.9427691999598249]","[100, 100]"
