,Child utterance:utterance,Child gaze:tablet,Child gaze:parent,Child affect:positive 3,Child affect:positive 1,Child gesture:point at prop,Child gesture:other,Child affective touch:affective touch,Parent utterance:utterance,Parent utterance:missing data,Verbal scaffolding:cognitive,Verbal scaffolding:scaffolding,Verbal scaffolding:instruction translation,Verbal scaffolding:affective,Non-verbal scaffolding:cognitive,Non-verbal scaffolding:technical,Parent gaze:tablet,Parent gaze:child,Parent gaze:missing data,Parent affect:positive 2,Parent affect:positive 1,Parent gesture:point at prop,Parent affective touch:affective touch,Child prop manipulation:child,Parent prop manipulation:parent,robot pointing:point at prop,robot text:other,robot text:song,robot text:teach,robot text:pick up,robot text:positive feedback,robot text:put down,robot text:correction,robot text:try again,Conversational turns:PC,Conversational turns:CP,Conversational turns:PCP,Conversational turns:CPC,Joint attention:tablet,Mutual gaze:MG
Child utterance:utterance,"[100, 100]","[2, 0.3972100572652075]","[5, 0.8736451767331764]","[2, 0.0008558171726848608]","[4, 0.025234586552232655]","[1, 0.9975409807423203]","[100, 100]","[3, 0.0695548451936745]","[1, 0.00039684269864812693]","[1, 1.0]","[1, 0.2048681071068686]","[100, 100]","[1, 1.0]","[1, 1.0]","[1, 1.0]","[1, 1.0]","[2, 8.693769015347179e-05]","[5, 0.023875408288841476]","[1, 1.0]","[4, 0.0002212130086103628]","[1, 1.0]","[1, 1.0]","[2, 0.21696094218317657]","[2, 0.6684074496590373]","[1, 1.0]","[2, 0.41580138956033486]","[100, 100]","[1, 0.9957396948653302]","[1, 0.921270663263367]","[3, 0.999162278592472]","[3, 0.5491440424864729]","[1, 1.0]","[1, 1.0]","[1, 1.0]","[1, 0.0018019662525157719]","[4, 0.022828431869987887]","[1, 1.3964919911985688e-05]","[4, 0.14285577737155072]","[5, 0.2105614265023033]","[2, 1.6377861837612487e-08]"
Child gaze:tablet,"[5, 6.554267533886185e-13]","[100, 100]","[1, 1.7066322038857932e-11]","[5, 0.0022322867106373363]","[5, 0.0009213055887015572]","[1, 0.9972403982466279]","[100, 100]","[5, 3.057404250382029e-10]","[2, 0.09429476557956129]","[4, 1.917769970924089e-05]","[2, 0.15138934835217532]","[100, 100]","[1, 1.0]","[5, 0.01654891843169921]","[1, 1.0]","[1, 1.0]","[3, 0.007564360058988698]","[5, 0.08009256130541963]","[5, 0.9838011847065119]","[5, 5.029980724846473e-10]","[1, 1.0]","[1, 1.0]","[5, 0.0034925907962146028]","[4, 0.9056596534343502]","[1, 1.0]","[2, 0.33050073927596935]","[100, 100]","[1, 0.9952189327232945]","[2, 0.29855514963113755]","[3, 0.15214179346648046]","[5, 0.8306575115059597]","[3, 0.22137067241640335]","[1, 1.0]","[1, 1.0]","[5, 0.3201022426428369]","[5, 0.00012727628313048486]","[4, 0.0012576516150120706]","[5, 0.00805705699801679]","[3, 0.337134502419558]","[4, 0.0001221485446130879]"
Child gaze:parent,"[2, 7.847308124127344e-11]","[1, 0.9986944642897386]","[100, 100]","[4, 8.256870035141746e-18]","[1, 1.0]","[1, 0.9940802085658546]","[100, 100]","[5, 9.337510996048755e-29]","[3, 0.22710611894683266]","[4, 8.43042444553393e-69]","[1, 1.0]","[100, 100]","[1, 1.0]","[1, 1.0]","[1, 1.0]","[1, 1.0]","[3, 0.0029599633824285505]","[4, 0.003996473400405808]","[3, 1.355867125251089e-32]","[4, 1.9278577736767063e-08]","[1, 1.0]","[1, 1.0]","[1, 1.0]","[4, 0.3190669061660272]","[1, 1.0]","[2, 0.006163668683970822]","[100, 100]","[1, 0.9897439860931057]","[2, 0.003864309838487076]","[1, 1.0]","[1, 1.0]","[1, 1.0]","[1, 1.0]","[1, 1.0]","[4, 1.0113370920640156e-06]","[2, 1.6678661462618994e-07]","[4, 1.2979913324216199e-11]","[1, 2.426747119369287e-09]","[1, 0.9986479886121321]","[4, 1.1830168736632152e-31]"
Child affect:positive 3,"[4, 0.005444706910764332]","[2, 0.00013744282326055612]","[2, 1.7423594975167634e-19]","[100, 100]","[1, 1.0]","[1, 0.9923563670051997]","[100, 100]","[3, 2.3651596168493397e-15]","[5, 0.20065300590466248]","[1, 1.0]","[1, 1.0]","[100, 100]","[1, 1.0]","[1, 1.0]","[1, 1.0]","[1, 1.0]","[5, 3.414438984142802e-08]","[1, 8.650837270712197e-07]","[1, 1.0]","[1, 1.0]","[1, 1.0]","[1, 1.0]","[1, 1.0]","[1, 1.0]","[1, 1.0]","[4, 0.001904673871219635]","[100, 100]","[1, 0.9867575992877091]","[4, 0.0009394554394034723]","[1, 1.0]","[1, 0.9990050036219387]","[1, 1.0]","[1, 1.0]","[1, 1.0]","[5, 4.536070120976346e-05]","[1, 0.9967893551243276]","[5, 6.98596509218689e-09]","[1, 0.9949964174301777]","[1, 0.0009095768464735261]","[2, 2.4520109587932287e-53]"
Child affect:positive 1,"[2, 0.003440426481370975]","[3, 0.08533881411998014]","[1, 1.0]","[1, 1.0]","[100, 100]","[1, 1.0]","[100, 100]","[1, 1.0]","[1, 0.09963293122469531]","[1, 1.0]","[1, 1.0]","[100, 100]","[1, 1.0]","[1, 4.0330982281715745e-10]","[1, 1.0]","[1, 1.0]","[1, 1.0]","[1, 1.0]","[1, 1.0]","[1, 1.0]","[1, 1.0]","[1, 1.0]","[1, 1.0]","[2, 0.0462541513138824]","[1, 1.0]","[1, 1.0]","[100, 100]","[1, 1.0]","[1, 1.0]","[1, 1.0]","[4, 0.107219422146699]","[5, 0.02619279927913021]","[1, 1.0]","[1, 1.0]","[1, 1.0]","[1, 0.0027321715957663957]","[1, 1.0]","[1, 2.671651779654254e-06]","[3, 0.24907503152007154]","[1, 1.0]"
Child gesture:point at prop,"[5, 0.9999999999999817]","[1, 0.997239737634121]","[1, 0.9940795571645917]","[1, 0.9923563669379427]","[1, 1.0]","[100, 100]","[100, 100]","[1, 1.0]","[5, 0.20047031811053195]","[1, 1.0]","[1, 1.0]","[100, 100]","[1, 1.0]","[5, 4.404802143461832e-22]","[1, 1.0]","[1, 1.0]","[1, 0.9969630411454817]","[1, 0.9967893551421196]","[1, 1.0]","[1, 1.0]","[1, 1.0]","[1, 1.0]","[1, 1.0]","[1, 0.005162774483167495]","[1, 1.0]","[1, 1.0]","[100, 100]","[1, 0.9867575992833962]","[1, 1.0]","[1, 1.0]","[1, 1.0]","[3, 1.4934641843381174e-07]","[1, 1.0]","[1, 1.0]","[1, 0.9965819979091257]","[1, 0.9967893551421196]","[1, 0.995587306419556]","[1, 0.9949964173730959]","[1, 0.9978237399799061]","[1, 0.9923563669454157]"
Child gesture:other,"[100, 100]","[100, 100]","[100, 100]","[100, 100]","[100, 100]","[100, 100]","[100, 100]","[100, 100]","[100, 100]","[100, 100]","[100, 100]","[100, 100]","[100, 100]","[100, 100]","[100, 100]","[100, 100]","[100, 100]","[100, 100]","[100, 100]","[100, 100]","[100, 100]","[100, 100]","[100, 100]","[100, 100]","[100, 100]","[100, 100]","[100, 100]","[100, 100]","[100, 100]","[100, 100]","[100, 100]","[100, 100]","[100, 100]","[100, 100]","[100, 100]","[100, 100]","[100, 100]","[100, 100]","[100, 100]","[100, 100]"
Child affective touch:affective touch,"[1, 0.007060610006182736]","[5, 0.02885751706161384]","[5, 2.4120771354019722e-12]","[3, 2.3651663011106298e-15]","[1, 1.0]","[1, 1.0]","[100, 100]","[100, 100]","[3, 0.06349410582938796]","[5, 0.6775141670461381]","[1, 1.0]","[100, 100]","[1, 1.0]","[1, 1.0]","[1, 1.0]","[1, 1.0]","[5, 0.9891465678098018]","[3, 0.005125842533759967]","[2, 1.2418319723580305e-24]","[5, 1.1843413331006644e-09]","[1, 1.0]","[1, 1.0]","[1, 1.0]","[3, 0.2728631071192055]","[1, 1.0]","[1, 0.003599565882400734]","[100, 100]","[1, 1.0]","[1, 0.0023525014278821454]","[1, 1.0]","[3, 0.017190221290950627]","[1, 1.0]","[1, 1.0]","[1, 1.0]","[3, 4.284639532049652e-06]","[5, 0.9967267249391321]","[3, 3.4848863435943317e-10]","[5, 0.9742436618803194]","[4, 0.24004052999370254]","[5, 4.2341276403258155e-26]"
Parent utterance:utterance,"[4, 0.04128684422614695]","[1, 0.9993670083766263]","[5, 0.4969518884670202]","[1, 0.9982471166002879]","[1, 0.10265684108491954]","[1, 0.9982471166277238]","[100, 100]","[3, 0.9991119345456746]","[100, 100]","[1, 1.0]","[5, 0.17389395118737253]","[100, 100]","[3, 0.9861481706959352]","[3, 0.9603851764010242]","[4, 6.221465620022157e-05]","[3, 0.9931797860765642]","[2, 9.930858527164241e-06]","[1, 1.4469169771269582e-08]","[1, 1.0]","[3, 0.014150551876242038]","[3, 0.012076484565266245]","[4, 6.221465620022157e-05]","[2, 0.049715425791269814]","[1, 0.522380216288008]","[3, 0.9931797860765642]","[2, 0.6316587016534494]","[100, 100]","[3, 0.995121239836449]","[2, 0.6057797699390532]","[3, 0.9978556163351306]","[4, 0.8910086813645637]","[4, 0.7412775905023408]","[1, 0.0010565081923923263]","[3, 0.9982837861859772]","[1, 0.22293375464042617]","[1, 0.25017069600077624]","[5, 0.5538597707174144]","[1, 0.08031609869756069]","[1, 0.02266334772190396]","[1, 7.185635013544311e-08]"
Parent utterance:missing data,"[1, 1.0]","[1, 1.0]","[1, 1.0]","[1, 1.0]","[1, 1.0]","[1, 1.0]","[100, 100]","[2, 1.2418319723579945e-24]","[1, 1.0]","[100, 100]","[1, 1.0]","[100, 100]","[1, 1.0]","[1, 1.0]","[1, 1.0]","[1, 1.0]","[4, 4.673693116009308e-07]","[1, 1.0]","[4, 6.25297833620248e-86]","[4, 7.609910090437943e-23]","[1, 1.0]","[1, 1.0]","[1, 1.0]","[1, 1.0]","[1, 1.0]","[1, 1.0]","[100, 100]","[1, 1.0]","[1, 1.0]","[1, 1.0]","[1, 1.0]","[1, 1.0]","[1, 1.0]","[1, 1.0]","[1, 1.0]","[1, 1.0]","[1, 1.0]","[1, 1.0]","[1, 1.0]","[1, 1.0]"
Verbal scaffolding:cognitive,"[2, 0.997949521888256]","[2, 0.9987980213443596]","[1, 1.0]","[1, 1.0]","[1, 1.0]","[1, 1.0]","[100, 100]","[1, 1.0]","[1, 1.0]","[1, 1.0]","[100, 100]","[100, 100]","[1, 1.0]","[1, 1.0]","[4, 0.1218679724349811]","[3, 0.985919590995395]","[1, 0.13083363345773413]","[1, 0.10980075726368091]","[1, 1.0]","[1, 1.0]","[3, 6.346376861038852e-05]","[4, 0.1218679724349811]","[3, 0.11024610756130995]","[2, 0.18807906648478534]","[3, 0.985919590995395]","[2, 0.378309784635889]","[100, 100]","[1, 1.0]","[2, 0.3462069188625569]","[3, 0.9998899155291034]","[4, 0.703808656916389]","[2, 0.16022281434084518]","[1, 2.6753357921959825e-06]","[2, 0.9860379185807369]","[2, 0.9832074203443201]","[2, 0.9378687148302944]","[2, 0.9717612715692407]","[1, 1.0]","[1, 0.27918752188002327]","[1, 1.0]"
Verbal scaffolding:scaffolding,"[100, 100]","[100, 100]","[100, 100]","[100, 100]","[100, 100]","[100, 100]","[100, 100]","[100, 100]","[100, 100]","[100, 100]","[100, 100]","[100, 100]","[100, 100]","[100, 100]","[100, 100]","[100, 100]","[100, 100]","[100, 100]","[100, 100]","[100, 100]","[100, 100]","[100, 100]","[100, 100]","[100, 100]","[100, 100]","[100, 100]","[100, 100]","[100, 100]","[100, 100]","[100, 100]","[100, 100]","[100, 100]","[100, 100]","[100, 100]","[100, 100]","[100, 100]","[100, 100]","[100, 100]","[100, 100]","[100, 100]"
Verbal scaffolding:instruction translation,"[1, 1.0]","[1, 1.0]","[1, 1.0]","[1, 1.0]","[1, 1.0]","[1, 1.0]","[100, 100]","[1, 1.0]","[1, 1.0]","[1, 1.0]","[1, 1.0]","[100, 100]","[100, 100]","[1, 1.0]","[1, 1.0]","[1, 1.0]","[1, 1.0]","[1, 1.0]","[1, 1.0]","[1, 1.0]","[1, 1.0]","[1, 1.0]","[1, 1.0]","[1, 1.0]","[1, 1.0]","[4, 3.5979100390255396e-05]","[100, 100]","[1, 1.0]","[4, 1.1814052360658551e-05]","[1, 1.0]","[1, 1.0]","[1, 1.0]","[1, 1.0]","[1, 1.0]","[1, 1.0]","[1, 1.0]","[1, 1.0]","[1, 1.0]","[1, 1.0]","[1, 1.0]"
Verbal scaffolding:affective,"[1, 1.0]","[4, 0.009958830985578655]","[1, 1.0]","[1, 1.0]","[1, 4.0330982281715745e-10]","[1, 1.0]","[100, 100]","[1, 1.0]","[1, 1.0]","[1, 1.0]","[1, 1.0]","[100, 100]","[1, 1.0]","[100, 100]","[1, 1.0]","[1, 1.0]","[1, 5.8188582234353496e-05]","[1, 2.1065607738666465e-05]","[1, 1.0]","[1, 1.0]","[1, 1.0]","[1, 1.0]","[1, 1.0]","[1, 1.0]","[1, 1.0]","[1, 1.0]","[100, 100]","[1, 1.0]","[1, 1.0]","[1, 1.0]","[1, 1.0]","[4, 3.597910039025301e-05]","[1, 1.0]","[1, 1.0]","[1, 1.0]","[1, 1.0]","[1, 1.0]","[1, 1.0]","[4, 0.0028477765797182094]","[1, 1.0]"
Non-verbal scaffolding:cognitive,"[1, 1.0]","[1, 1.0]","[1, 1.0]","[1, 1.0]","[1, 1.0]","[1, 1.0]","[100, 100]","[1, 1.0]","[1, 0.006890838882461276]","[1, 1.0]","[5, 0.5293530450665032]","[100, 100]","[1, 1.1508195440523645e-13]","[1, 1.0]","[100, 100]","[1, 1.0]","[1, 1.0]","[1, 1.0]","[1, 1.0]","[1, 1.0]","[1, 1.0]","[100, 100]","[1, 1.0]","[5, 0.999624871025718]","[1, 1.0]","[5, 0.49753067311466204]","[100, 100]","[5, 6.403203102880729e-17]","[5, 0.4446044401429332]","[3, 0.017190221290950627]","[1, 1.0]","[1, 1.0]","[1, 1.0]","[5, 1.648103063547028e-10]","[1, 0.009263407459485168]","[4, 0.19588280375764586]","[5, 9.586529387257766e-06]","[1, 1.0]","[1, 1.0]","[1, 1.0]"
Non-verbal scaffolding:technical,"[1, 1.0]","[1, 1.0]","[1, 1.0]","[1, 1.0]","[1, 1.0]","[1, 1.0]","[100, 100]","[1, 1.0]","[2, 1.573556391584128e-05]","[1, 1.0]","[2, 1.4746651148055036e-10]","[100, 100]","[1, 1.0]","[1, 1.0]","[1, 1.0]","[100, 100]","[1, 1.0]","[1, 1.0]","[1, 1.0]","[1, 1.0]","[1, 1.0]","[1, 1.0]","[1, 1.0]","[1, 1.0]","[100, 100]","[1, 1.0]","[100, 100]","[1, 1.0]","[1, 1.0]","[1, 1.0]","[1, 1.0]","[1, 1.0]","[1, 1.0]","[1, 1.0]","[1, 1.0]","[1, 1.0]","[1, 1.0]","[1, 1.0]","[1, 1.0]","[1, 1.0]"
Parent gaze:tablet,"[1, 0.002350937702928995]","[5, 0.0037157066804701746]","[5, 7.057960775831777e-09]","[2, 0.8752211793763903]","[1, 1.0]","[1, 0.9969637444954712]","[100, 100]","[5, 9.517947596448781e-06]","[4, 0.005028785216725329]","[3, 3.065296383001353e-07]","[1, 0.13083363309391172]","[100, 100]","[1, 1.0]","[2, 0.0002550073085636856]","[1, 1.0]","[1, 1.0]","[100, 100]","[5, 6.873683235884887e-35]","[1, 6.525923366548343e-09]","[1, 2.5682631885276033e-11]","[1, 1.0]","[1, 1.0]","[2, 0.05503365184822097]","[2, 0.9923535101693871]","[1, 1.0]","[4, 0.09349140688865286]","[100, 100]","[1, 0.9947396293546906]","[4, 0.07075371182933561]","[1, 1.0]","[3, 0.35741380243130016]","[3, 0.1451179972887679]","[1, 1.0]","[1, 1.0]","[4, 0.41463179269568595]","[2, 0.9084365039588428]","[5, 0.012048878517156322]","[2, 0.9434617910551943]","[5, 0.0006047570167828202]","[1, 4.770298849069007e-22]"
Parent gaze:child,"[1, 0.10674602568294451]","[5, 0.004552396337481012]","[4, 5.9371278902486216e-06]","[2, 0.954738945757708]","[1, 1.0]","[1, 0.9967900825727601]","[100, 100]","[4, 0.00012989540423914464]","[1, 0.0006664471963614718]","[1, 1.0]","[5, 0.41229624119565284]","[100, 100]","[1, 1.0]","[1, 2.106560726013466e-05]","[1, 1.0]","[1, 1.0]","[3, 0.0009960655012546352]","[100, 100]","[1, 1.0]","[1, 0.0004983608494968646]","[1, 1.0]","[1, 1.0]","[2, 0.05385628862773268]","[2, 0.9973106150244192]","[1, 1.0]","[4, 0.07022758782429901]","[100, 100]","[1, 0.9944387599261346]","[4, 0.05054606434321027]","[1, 1.0]","[3, 0.3101926853606995]","[3, 0.11244083194552379]","[1, 1.0]","[1, 1.0]","[4, 0.2940294669305595]","[5, 0.7730581256357294]","[5, 0.012910364399359445]","[5, 0.14442494778940368]","[5, 0.0013354740923639016]","[1, 2.8984800384070564e-07]"
Parent gaze:missing data,"[1, 1.0]","[2, 1.4325572578613649e-06]","[3, 1.3943298845178556e-32]","[1, 1.0]","[1, 1.0]","[1, 1.0]","[100, 100]","[4, 7.609910090436674e-23]","[1, 1.0]","[2, 2.2125702529523862e-88]","[1, 1.0]","[100, 100]","[1, 1.0]","[1, 1.0]","[1, 1.0]","[1, 1.0]","[1, 1.0]","[1, 1.0]","[100, 100]","[1, 1.0]","[1, 1.0]","[1, 1.0]","[1, 1.0]","[1, 1.0]","[1, 1.0]","[1, 1.0]","[100, 100]","[1, 1.0]","[1, 1.0]","[1, 1.0]","[1, 1.0]","[1, 1.0]","[1, 1.0]","[1, 1.0]","[1, 1.0]","[1, 1.0]","[1, 1.0]","[1, 1.0]","[2, 0.0002483019159528594]","[1, 1.0]"
Parent affect:positive 2,"[5, 0.19966674099345308]","[3, 0.0004697852275945237]","[4, 3.525291123570358e-18]","[1, 1.0]","[1, 1.0]","[1, 1.0]","[100, 100]","[5, 2.19560698680625e-14]","[1, 1.0]","[1, 1.0]","[1, 1.0]","[100, 100]","[1, 1.0]","[1, 1.0]","[1, 1.0]","[1, 1.0]","[1, 2.5708916086987676e-11]","[1, 1.551682027364773e-12]","[1, 1.0]","[100, 100]","[1, 1.0]","[1, 1.0]","[1, 1.0]","[1, 1.0]","[1, 1.0]","[5, 0.13252365247315961]","[100, 100]","[1, 1.0]","[5, 0.0998379160861907]","[1, 1.0]","[1, 1.0]","[1, 1.0]","[1, 1.0]","[1, 1.0]","[1, 1.0]","[5, 0.03473881838182934]","[1, 1.0]","[5, 1.8774639227969012e-05]","[3, 3.990953354690414e-07]","[1, 1.0]"
Parent affect:positive 1,"[1, 1.0]","[1, 1.0]","[1, 1.0]","[1, 1.0]","[1, 1.0]","[1, 1.0]","[100, 100]","[1, 1.0]","[1, 1.0]","[1, 1.0]","[1, 1.0]","[100, 100]","[1, 1.0]","[1, 1.0]","[1, 1.0]","[1, 1.0]","[1, 1.0]","[1, 1.0]","[1, 1.0]","[1, 1.0]","[100, 100]","[1, 1.0]","[1, 1.0]","[1, 1.0]","[1, 1.0]","[1, 1.0]","[100, 100]","[1, 1.0]","[1, 1.0]","[1, 1.0]","[4, 3.061395748316123e-06]","[1, 1.0]","[1, 1.0]","[1, 1.0]","[1, 1.0]","[1, 1.0]","[1, 1.0]","[1, 1.0]","[1, 1.0]","[1, 1.0]"
Parent gesture:point at prop,"[1, 1.0]","[1, 1.0]","[1, 1.0]","[1, 1.0]","[1, 1.0]","[1, 1.0]","[100, 100]","[1, 1.0]","[1, 0.006890838882461276]","[1, 1.0]","[5, 0.5293530450665032]","[100, 100]","[1, 1.1508195440523645e-13]","[1, 1.0]","[100, 100]","[1, 1.0]","[1, 1.0]","[1, 1.0]","[1, 1.0]","[1, 1.0]","[1, 1.0]","[100, 100]","[1, 1.0]","[5, 0.999624871025718]","[1, 1.0]","[5, 0.49753067311466204]","[100, 100]","[5, 6.403203102880729e-17]","[5, 0.4446044401429332]","[3, 0.017190221290950627]","[1, 1.0]","[1, 1.0]","[1, 1.0]","[5, 1.648103063547028e-10]","[1, 0.009263407459485168]","[4, 0.19588280375764586]","[5, 9.586529387257766e-06]","[1, 1.0]","[1, 1.0]","[1, 1.0]"
Parent affective touch:affective touch,"[2, 0.2087444633416874]","[4, 0.10618519726959702]","[1, 1.0]","[1, 1.0]","[4, 0.00017562168256161545]","[1, 1.0]","[100, 100]","[1, 1.0]","[1, 0.012607539568918115]","[1, 1.0]","[1, 0.07792329486957245]","[100, 100]","[1, 1.0]","[1, 2.16310238287671e-06]","[1, 1.0]","[1, 1.0]","[3, 0.013360519092905141]","[3, 0.00962876808036079]","[1, 1.0]","[1, 1.0]","[1, 1.0]","[1, 1.0]","[100, 100]","[1, 1.0]","[1, 1.0]","[1, 1.0]","[100, 100]","[1, 1.0]","[1, 1.0]","[1, 1.0]","[4, 0.36276967264350324]","[2, 0.026629157870518755]","[1, 1.0]","[1, 1.0]","[3, 0.12229729003653894]","[1, 4.406582931458143e-06]","[3, 0.021482793102189045]","[1, 1.0]","[3, 0.0056425877471421105]","[1, 1.0]"
Child prop manipulation:child,"[1, 0.3610537798862202]","[5, 0.9999786384462408]","[5, 0.9990932329809828]","[1, 1.0]","[1, 0.07535462762910435]","[5, 0.004464129171854246]","[100, 100]","[5, 0.9990771279857079]","[3, 0.6103713812876028]","[1, 0.8949578429646905]","[1, 0.3610537798862683]","[100, 100]","[1, 0.0005972296843094779]","[1, 1.0]","[1, 0.16276885355838847]","[1, 0.0005972296843094779]","[5, 0.7906596366157556]","[5, 0.747699189065394]","[1, 1.0]","[1, 0.9394320904617423]","[4, 0.01803142093081276]","[1, 0.16276885355838847]","[4, 0.4721403086756316]","[100, 100]","[1, 0.0005972296843094779]","[5, 0.2759061921071714]","[100, 100]","[1, 1.0]","[5, 0.1100724045489753]","[2, 0.08750521789311418]","[4, 0.9004943798531478]","[2, 0.12060018128387018]","[3, 0.00770441188850308]","[1, 1.0]","[3, 0.14400506968200225]","[5, 0.9999194436298476]","[5, 0.3389324863695234]","[3, 0.33683602965136944]","[4, 0.9431870185190467]","[1, 1.0]"
Parent prop manipulation:parent,"[1, 1.0]","[1, 1.0]","[1, 1.0]","[1, 1.0]","[1, 1.0]","[1, 1.0]","[100, 100]","[1, 1.0]","[2, 1.573556391584128e-05]","[1, 1.0]","[2, 1.4746651148055036e-10]","[100, 100]","[1, 1.0]","[1, 1.0]","[1, 1.0]","[100, 100]","[1, 1.0]","[1, 1.0]","[1, 1.0]","[1, 1.0]","[1, 1.0]","[1, 1.0]","[1, 1.0]","[1, 1.0]","[100, 100]","[1, 1.0]","[100, 100]","[1, 1.0]","[1, 1.0]","[1, 1.0]","[1, 1.0]","[1, 1.0]","[1, 1.0]","[1, 1.0]","[1, 1.0]","[1, 1.0]","[1, 1.0]","[1, 1.0]","[1, 1.0]","[1, 1.0]"
robot pointing:point at prop,"[4, 0.8197879015270434]","[5, 0.07087216980210768]","[4, 0.9999611909234807]","[5, 0.9999919626720862]","[5, 0.2739227413316493]","[1, 1.0]","[100, 100]","[4, 0.9999731071095658]","[3, 0.824956635526453]","[1, 1.0]","[1, 0.1786336114347049]","[100, 100]","[5, 0.9999775929908847]","[1, 1.0]","[1, 1.0]","[1, 1.0]","[2, 0.0640484273832979]","[4, 0.9999873385794419]","[1, 1.0]","[2, 0.014490446130548777]","[1, 1.0]","[1, 1.0]","[2, 0.026484582144849493]","[2, 0.1414021176252844]","[1, 1.0]","[100, 100]","[100, 100]","[1, 1.0]","[5, 0.2300597658506204]","[1, 1.0]","[1, 1.0]","[1, 1.0]","[1, 1.0]","[1, 1.0]","[1, 0.06576575866083788]","[2, 0.04180887741006345]","[1, 0.01757796613296891]","[4, 0.0055100777717904635]","[5, 0.17206782901246914]","[2, 2.540934265744351e-06]"
robot text:other,"[100, 100]","[100, 100]","[100, 100]","[100, 100]","[100, 100]","[100, 100]","[100, 100]","[100, 100]","[100, 100]","[100, 100]","[100, 100]","[100, 100]","[100, 100]","[100, 100]","[100, 100]","[100, 100]","[100, 100]","[100, 100]","[100, 100]","[100, 100]","[100, 100]","[100, 100]","[100, 100]","[100, 100]","[100, 100]","[100, 100]","[100, 100]","[100, 100]","[100, 100]","[100, 100]","[100, 100]","[100, 100]","[100, 100]","[100, 100]","[100, 100]","[100, 100]","[100, 100]","[100, 100]","[100, 100]","[100, 100]"
robot text:song,"[5, 0.9999999999997107]","[1, 0.9952151547624247]","[1, 0.989737207778102]","[1, 0.9867503057546699]","[1, 1.0]","[1, 0.9867503057514352]","[100, 100]","[1, 1.0]","[4, 0.00016360875579014337]","[1, 1.0]","[1, 1.0]","[100, 100]","[1, 1.0]","[1, 1.0]","[5, 1.3114887198918907e-24]","[1, 1.0]","[1, 0.9947355120217066]","[1, 0.9944344357520639]","[1, 1.0]","[1, 1.0]","[1, 1.0]","[5, 1.3114887198918907e-24]","[1, 1.0]","[1, 1.0]","[1, 1.0]","[1, 1.0]","[100, 100]","[100, 100]","[1, 1.0]","[1, 1.0]","[1, 1.0]","[1, 1.0]","[1, 1.0]","[1, 1.0]","[1, 0.9940749915518506]","[4, 1.1911360422749465e-15]","[4, 9.404430700667767e-32]","[1, 0.9913264939871398]","[1, 0.9962275018641193]","[1, 0.9867503057514352]"
robot text:teach,"[2, 0.37072945008840724]","[5, 0.036998053818517354]","[4, 0.9999345584611892]","[1, 1.0]","[5, 0.22686911512464644]","[1, 1.0]","[100, 100]","[4, 0.9999546502989889]","[3, 0.8051030975069394]","[1, 1.0]","[1, 0.16003012872335765]","[100, 100]","[1, 1.0]","[1, 1.0]","[1, 1.0]","[1, 1.0]","[1, 0.0882175988640096]","[2, 0.1781603618365217]","[1, 1.0]","[2, 0.009831759139973242]","[1, 1.0]","[1, 1.0]","[1, 0.046930380167836745]","[2, 0.11818139095562202]","[1, 1.0]","[4, 0.9992547215739432]","[100, 100]","[1, 1.0]","[100, 100]","[1, 1.0]","[1, 1.0]","[1, 1.0]","[1, 1.0]","[1, 1.0]","[1, 0.05456510355176396]","[1, 0.07144577665336228]","[1, 0.013120041912162168]","[4, 0.09457681654062955]","[5, 0.18655848645794598]","[2, 7.66527433370571e-07]"
robot text:pick up,"[2, 0.13876289666129973]","[2, 0.09080288410953255]","[1, 0.996909288688855]","[1, 0.9960096957562292]","[2, 0.0008679040245685701]","[1, 0.9960096957562292]","[100, 100]","[1, 1.0]","[2, 0.006995300314805022]","[1, 1.0]","[2, 0.13911403904087288]","[100, 100]","[1, 3.0239546921419885e-14]","[1, 1.0]","[1, 7.531242083496365e-10]","[1, 1.0]","[1, 0.01586335261243579]","[1, 0.01075031531253986]","[1, 1.0]","[1, 1.0]","[1, 1.0]","[1, 7.531242083496365e-10]","[4, 0.09521351069940269]","[5, 0.06453741905352217]","[1, 1.0]","[1, 1.0]","[100, 100]","[1, 0.9930867460073586]","[1, 1.0]","[100, 100]","[1, 1.0]","[1, 1.0]","[1, 1.0]","[1, 1.0]","[2, 6.576550128364569e-16]","[5, 0.25998459324590606]","[2, 0.0020499652423800986]","[1, 0.9973879318998294]","[2, 0.2253537604943326]","[1, 7.741431254131592e-10]"
robot text:positive feedback,"[1, 0.1408949624780703]","[3, 0.4501710355501183]","[1, 1.0]","[1, 1.0]","[3, 3.380140083196114e-05]","[1, 1.0]","[100, 100]","[1, 1.0]","[1, 0.2980028860841993]","[1, 1.0]","[1, 0.1408949624780505]","[100, 100]","[1, 1.0]","[3, 0.0015652456149844655]","[1, 1.0]","[1, 1.0]","[2, 0.18514249142364286]","[2, 0.14985020424005654]","[1, 1.0]","[1, 1.0]","[1, 1.0]","[1, 1.0]","[2, 0.11414897379028416]","[3, 0.4879873014547311]","[1, 1.0]","[1, 1.0]","[100, 100]","[1, 1.0]","[1, 1.0]","[1, 1.0]","[100, 100]","[4, 0.28133972534990837]","[1, 1.0]","[1, 1.0]","[1, 1.0]","[1, 0.05864149087969443]","[1, 1.0]","[1, 1.0]","[3, 0.3618071811354055]","[1, 1.0]"
robot text:put down,"[1, 1.0]","[1, 1.0]","[1, 1.0]","[1, 1.0]","[3, 0.00524168104386503]","[3, 1.4934661481232484e-07]","[100, 100]","[1, 1.0]","[1, 4.988465221174905e-05]","[1, 1.0]","[1, 7.666976930140314e-09]","[100, 100]","[1, 1.0]","[5, 3.200398744573886e-10]","[5, 0.1304171285722958]","[1, 1.0]","[3, 0.12743927874218133]","[4, 0.17417241888491372]","[1, 1.0]","[1, 1.0]","[4, 1.0507368598880887e-10]","[5, 0.1304171285722958]","[2, 0.026629157870515313]","[4, 0.7433585730644243]","[1, 1.0]","[1, 1.0]","[100, 100]","[1, 1.0]","[1, 1.0]","[1, 1.0]","[1, 1.0]","[100, 100]","[1, 1.0]","[1, 1.0]","[1, 1.0]","[1, 0.01454522058484481]","[1, 0.0007634087545749034]","[1, 1.0]","[3, 0.4331856468033519]","[1, 1.0]"
robot text:correction,"[1, 1.0]","[1, 1.0]","[1, 1.0]","[1, 1.0]","[1, 1.0]","[1, 1.0]","[100, 100]","[1, 1.0]","[4, 0.00021901566649012825]","[1, 1.0]","[4, 6.505642712262924e-09]","[100, 100]","[1, 1.0]","[1, 1.0]","[1, 1.0]","[1, 1.0]","[1, 1.0]","[1, 1.0]","[1, 1.0]","[1, 1.0]","[1, 1.0]","[1, 1.0]","[1, 1.0]","[5, 2.3639978551384447e-06]","[1, 1.0]","[1, 1.0]","[100, 100]","[1, 1.0]","[1, 1.0]","[1, 1.0]","[1, 1.0]","[1, 1.0]","[100, 100]","[1, 1.0]","[1, 1.0]","[1, 1.0]","[1, 1.0]","[1, 1.0]","[1, 1.0]","[1, 1.0]"
robot text:try again,"[1, 1.0]","[1, 1.0]","[1, 1.0]","[1, 1.0]","[1, 1.0]","[1, 1.0]","[100, 100]","[1, 1.0]","[1, 1.0]","[1, 1.0]","[1, 1.0]","[100, 100]","[1, 1.0]","[1, 1.0]","[1, 1.0]","[1, 1.0]","[1, 1.0]","[1, 1.0]","[1, 1.0]","[1, 1.0]","[1, 1.0]","[1, 1.0]","[1, 1.0]","[5, 0.03617855675047519]","[1, 1.0]","[1, 1.0]","[100, 100]","[1, 1.0]","[1, 1.0]","[1, 1.0]","[1, 1.0]","[1, 1.0]","[1, 1.0]","[100, 100]","[1, 1.0]","[1, 1.0]","[1, 1.0]","[1, 1.0]","[1, 1.0]","[1, 1.0]"
Conversational turns:PC,"[3, 0.0042555479384451915]","[5, 0.21425791954602585]","[5, 0.00603621277606819]","[1, 0.9965827502296265]","[1, 1.0]","[1, 0.9965827502296265]","[100, 100]","[3, 0.9999999999977687]","[2, 0.4701851472143772]","[1, 0.9997162546646702]","[1, 0.9997738855763656]","[100, 100]","[1, 1.0]","[1, 1.0]","[2, 0.9999999897462512]","[1, 1.0]","[5, 0.025701046594030618]","[3, 0.0012630594909667087]","[1, 1.0]","[4, 1.267913748638538e-05]","[1, 1.0]","[2, 0.9999999897462512]","[2, 0.05517256468344509]","[2, 0.4571773434598738]","[1, 1.0]","[1, 0.9999193538796395]","[100, 100]","[1, 0.9940795567202599]","[2, 0.15781056496985216]","[3, 0.9999999999697894]","[1, 1.0]","[1, 1.0]","[1, 1.0]","[1, 1.0]","[100, 100]","[4, 0.036880718989995294]","[1, 0.9985430402006139]","[4, 0.012590603168784333]","[4, 0.12924264275462255]","[1, 1.5642420346819142e-07]"
Conversational turns:CP,"[1, 0.35229978390830763]","[1, 0.9987705321496632]","[1, 0.9973629185782924]","[5, 1.3550560547336507e-09]","[2, 0.9999440060983235]","[1, 0.9965953594289425]","[100, 100]","[3, 0.0073047005638174995]","[1, 0.4949837321434648]","[1, 1.0]","[1, 0.2820135620184302]","[100, 100]","[1, 1.0]","[1, 1.0]","[3, 0.006989790546955537]","[1, 1.0]","[2, 0.13302606346752388]","[2, 0.10291558342509546]","[1, 1.0]","[1, 0.0005199435431215675]","[1, 1.0]","[3, 0.006989790546955537]","[1, 0.7883444247534996]","[3, 0.7108814013961114]","[1, 1.0]","[2, 0.9999814270615104]","[100, 100]","[1, 0.99410140211988]","[2, 0.9999797340871691]","[1, 1.0]","[3, 0.3102768261263356]","[2, 0.9999627626527834]","[1, 1.0]","[1, 1.0]","[1, 0.9984775624528134]","[100, 100]","[1, 0.4843959528549324]","[1, 0.41995156356180063]","[2, 0.3803822685366238]","[1, 0.9965953594289425]"
Conversational turns:PCP,"[5, 0.09223573440292998]","[4, 0.20985475835234918]","[5, 4.7342620477859286e-05]","[1, 0.9955881155375691]","[1, 1.0]","[1, 0.9955881155203088]","[100, 100]","[3, 0.9999999999775138]","[1, 0.9990286571975474]","[1, 0.9993822932338726]","[1, 0.9995098550758534]","[100, 100]","[1, 1.0]","[1, 1.0]","[1, 0.0007634087150626818]","[1, 1.0]","[1, 0.9984372884247259]","[1, 0.004778100743257906]","[1, 1.0]","[1, 1.3757562458470436e-06]","[1, 1.0]","[1, 0.0007634087150626818]","[4, 0.9999999999999991]","[1, 0.9997635263215529]","[1, 1.0]","[2, 0.999999976281434]","[100, 100]","[1, 0.9923563665180121]","[2, 0.9999999741148894]","[3, 0.9999999999896665]","[1, 1.0]","[2, 0.9999999523413975]","[1, 1.0]","[1, 1.0]","[1, 0.9990286571975474]","[1, 0.9989120243205568]","[100, 100]","[1, 0.9971119621683032]","[4, 0.4551081749214059]","[1, 8.916176066303209e-12]"
Conversational turns:CPC,"[3, 0.040319384117191014]","[5, 0.17995998185760434]","[1, 0.9961250538337915]","[1, 0.9949972039321479]","[2, 0.9999998467062775]","[1, 0.9949972039321479]","[100, 100]","[3, 1.7447369719342066e-06]","[1, 0.9998343892345151]","[1, 1.0]","[1, 1.0]","[100, 100]","[1, 1.0]","[1, 1.0]","[1, 1.0]","[1, 1.0]","[2, 0.007578102568949906]","[2, 0.004070861937197625]","[1, 1.0]","[1, 1.0]","[1, 1.0]","[1, 1.0]","[1, 0.9996675043397381]","[2, 0.188111623512498]","[1, 1.0]","[3, 0.9999999999914525]","[100, 100]","[1, 0.9913326313973011]","[1, 1.0]","[1, 1.0]","[3, 0.033465179479249804]","[1, 1.0]","[1, 1.0]","[1, 1.0]","[1, 0.9986631090374989]","[1, 0.9990320060316744]","[1, 0.9971118863122966]","[100, 100]","[5, 0.08033874229541581]","[1, 0.9949972039419333]"
Joint attention:tablet,"[5, 4.818356266288061e-06]","[4, 0.030814001485330863]","[1, 1.5688775179788828e-15]","[5, 0.04697072121818278]","[5, 0.026803041686527373]","[1, 0.9977646693677403]","[100, 100]","[5, 2.9509284814929883e-06]","[4, 0.27322685915374084]","[4, 0.0022109839478061254]","[2, 0.5548793923375626]","[100, 100]","[1, 1.0]","[5, 0.0024353020629174094]","[1, 1.0]","[1, 1.0]","[2, 0.120277212126765]","[1, 2.6111381924551686e-07]","[4, 0.9993101978206551]","[5, 0.0002489345786051264]","[1, 1.0]","[1, 1.0]","[5, 0.0007771359886653402]","[4, 0.9481234621859214]","[1, 1.0]","[1, 0.2676254052810322]","[100, 100]","[1, 0.9961272384229881]","[1, 0.24681015720561222]","[3, 0.3479805616568087]","[3, 0.625102709703478]","[3, 0.011447661075014852]","[1, 1.0]","[1, 1.0]","[5, 0.46977537654763135]","[5, 0.009176592005400589]","[2, 0.159748075440791]","[5, 0.09634625695547179]","[100, 100]","[1, 0.000905836426579206]"
Mutual gaze:MG,"[5, 0.00022661488544926448]","[5, 7.199065180720639e-10]","[4, 3.957025636986221e-64]","[4, 3.2229369859345136e-10]","[1, 1.0]","[1, 0.9923563669977267]","[100, 100]","[1, 3.0452883583633715e-17]","[3, 0.06434609462588035]","[1, 1.0]","[1, 1.0]","[100, 100]","[1, 1.0]","[1, 1.0]","[1, 1.0]","[1, 1.0]","[3, 3.750116944401322e-05]","[4, 0.0036065390278748532]","[1, 1.0]","[4, 0.00016709765125861665]","[1, 1.0]","[1, 1.0]","[1, 1.0]","[1, 1.0]","[1, 1.0]","[2, 0.000197346238795396]","[100, 100]","[1, 0.9867575992790832]","[2, 8.979425045795024e-05]","[1, 1.0]","[1, 1.0]","[1, 1.0]","[1, 1.0]","[1, 1.0]","[3, 4.5013531048566094e-06]","[5, 2.1460544099470822e-05]","[3, 4.1532835996272433e-10]","[5, 2.2964272063939642e-14]","[5, 4.272350812340899e-09]","[100, 100]"
